timestamp,latitude,longitude,acceleration,gyroscope
2024-12-01 00:00:00,38.887454011884735,-77.06297341423227,2.6170568373590597,1.72702994208898
2024-12-01 00:01:00,38.94507143064099,-76.99161981052433,2.469787990719998,2.966813971913723
2024-12-01 00:02:00,38.92319939418114,-76.92541083282472,9.062545805210366,-2.49532101207501
2024-12-01 00:03:00,38.909865848419706,-76.95355502271809,2.495461998495061,1.248740996069989
2024-12-01 00:04:00,38.865601864044244,-76.93868777042772,2.71949726128631,0.7174598314374867
2024-12-01 00:05:00,38.86559945203362,-76.96824332665786,7.593982624179637,3.3283037678827103
2024-12-01 00:06:00,38.85580836121682,-76.96154468709643,4.4973984245054,4.060870604812605
2024-12-01 00:07:00,38.93661761457749,-76.93016086968694,7.767105569551812,-4.878432285226132
2024-12-01 00:08:00,38.91011150117432,-77.05006639822815,0.6536615756438524,1.7401991905879264
2024-12-01 00:09:00,38.92080725777961,-77.00211500727137,4.875711936733843,-4.48164200880271
2024-12-01 00:10:00,38.852058449429585,-77.05575811163608,0.3361360018328263,0.48858665077355923
2024-12-01 00:11:00,38.9469909852162,-76.90246639840068,0.6265320345535452,-2.123672709563218
2024-12-01 00:12:00,38.933244264080045,-76.91118813206268,9.06437453344411,-1.932234004778588
2024-12-01 00:13:00,38.87123391106783,-77.0921146377263,1.3924537111759516,-1.4704149654764342
2024-12-01 00:14:00,38.86818249672071,-76.95888496549686,5.324206822752171,1.2129244904961016
2024-12-01 00:15:00,38.86834045098534,-76.91495033651687,4.110956026007066,-1.659500343312308
2024-12-01 00:16:00,38.88042422429596,-77.06388493097452,3.4734332625884266,2.3269905059028044
2024-12-01 00:17:00,38.90247564316323,-76.98641095388948,8.998333456872725,-0.9547261442613033
2024-12-01 00:18:00,38.893194501864215,-76.9169023404824,0.218233967754895,-4.316467996900414
2024-12-01 00:19:00,38.8791229140198,-77.09321080428283,6.637896861755891,2.8375984248410724
2024-12-01 00:20:00,38.91118528947224,-76.96051594655063,9.633944342135504,-2.14241675407294
2024-12-01 00:21:00,38.86394938606521,-77.04053019852549,5.60168183461842,-0.6723312040073735
2024-12-01 00:22:00,38.879214464853526,-76.9151207609247,9.368224620330919,1.8544388322190155
2024-12-01 00:23:00,38.88663618432937,-76.90578835096693,0.5225787928602377,-1.67543842851288
2024-12-01 00:24:00,38.895606998421705,-76.91114670217732,4.187933190741614,-4.4341434385328435
2024-12-01 00:25:00,38.9285175961393,-77.0051571566685,2.6015779096205116,-1.260789529871864
2024-12-01 00:26:00,38.86996737821584,-76.92759146980214,7.3082096498072975,4.444485826943033
2024-12-01 00:27:00,38.90142344384137,-76.93109012029299,9.812970904972467,1.4173439729855817
2024-12-01 00:28:00,38.90924145688621,-77.03617990535135,2.565300624442478,1.7147914866720697
2024-12-01 00:29:00,38.854645041272,-76.93421690516986,6.5417460147407445,1.3228215363763987
2024-12-01 00:30:00,38.91075448519015,-77.0925984730569,1.9809763275974013,-3.010078610405632
2024-12-01 00:31:00,38.86705241236873,-76.98074602430358,5.653302545716099,-0.8166613589771989
2024-12-01 00:32:00,38.85650515929853,-77.05399823254245,4.639324866883362,2.509397983633183
2024-12-01 00:33:00,38.944888553725335,-77.07588662284454,9.72005329631537,-3.9862710244684085
2024-12-01 00:34:00,38.946563203307456,-77.08460935967415,6.085272726964666,-2.2214722391028774
2024-12-01 00:35:00,38.93083973481165,-76.96074224482437,3.495063720868188,-2.236808915341464
2024-12-01 00:36:00,38.88046137691734,-77.03202500724639,1.1409578488793337,-0.6798107240549403
2024-12-01 00:37:00,38.85976721140064,-76.95504664569425,1.5124682873493456,4.803687409421851
2024-12-01 00:38:00,38.91842330265122,-77.0869287318402,2.2531692995123507,-4.324974533161781
2024-12-01 00:39:00,38.894015249373965,-77.03694193243388,2.50966661340298,0.18700994380595048
2024-12-01 00:40:00,38.86220382348448,-76.99210174152493,8.506160578411379,-3.2063531798778957
2024-12-01 00:41:00,38.89951769101113,-76.9418553670322,5.612227882825249,4.706765454097441
2024-12-01 00:42:00,38.85343885211152,-77.03624949941359,5.233909113743664,-3.866964952725358
2024-12-01 00:43:00,38.94093204020788,-76.9748217247126,1.1476887186921747,-0.963989976384088
2024-12-01 00:44:00,38.87587799816,-76.92280445035277,8.60139693349435,2.3788498483460616
2024-12-01 00:45:00,38.916252228435404,-76.97682736236354,7.228143032084837,2.045544280274453
2024-12-01 00:46:00,38.88117110760894,-77.05340810504927,0.6766836190000158,-0.772713631060677
2024-12-01 00:47:00,38.90200680211778,-77.09511984368869,7.078350972297686,-1.5347583204728177
2024-12-01 00:48:00,38.90467102793433,-76.92598022521982,5.4353821734264605,-1.0238762144712945
2024-12-01 00:49:00,38.86848544555255,-77.09574611782992,0.8172534574677826,-2.357237368413607
2024-12-01 00:50:00,38.94695846277646,-76.92505966546317,4.583006415286564,-2.946670612932002
2024-12-01 00:51:00,38.927513282336115,-76.99421257319456,4.8469628713004695,-0.1696030244111002
2024-12-01 00:52:00,38.94394989415642,-76.91218646029742,1.6577454016327575,-2.314662439323927
2024-12-01 00:53:00,38.939482735042766,-76.94024335284527,9.456981470002823,-2.125383351027499
2024-12-01 00:54:00,38.90978999788111,-76.90041317789334,8.49975371480662,1.5675606347455702
2024-12-01 00:55:00,38.94218742350231,-77.02985763690965,6.690223373291083,4.685373316998922
2024-12-01 00:56:00,38.858849250205196,-76.94656234221378,4.622955610006072,1.0363720055937513
2024-12-01 00:57:00,38.86959828624192,-77.01961381727816,4.1176554158450855,-4.230205329350337
2024-12-01 00:58:00,38.854522728891055,-77.00402487593922,6.509734671509541,-4.24416386145933
2024-12-01 00:59:00,38.88253303307633,-76.97449890735632,5.4543186940690545,4.51423220845566
2024-12-01 01:00:00,38.88886772896895,-76.92526457716274,0.6227310588188562,-2.0270920969266637
2024-12-01 01:01:00,38.87713490317739,-76.90318330616014,5.125026487703317,-4.079330139175246
2024-12-01 01:02:00,38.93287375091519,-76.9463453172271,8.064036172328395,0.990445871503816
2024-12-01 01:03:00,38.88567533266936,-77.01644664356654,4.59239877596958,1.2364877829026613
2024-12-01 01:04:00,38.87809345096874,-77.01572859954459,0.5195657755426841,1.4850482011868813
2024-12-01 01:05:00,38.90426960831583,-76.95248353968222,7.862781993840331,-2.325979721424587
2024-12-01 01:06:00,38.86409242249748,-77.05224457084634,2.013637821359744,-4.848893157855249
2024-12-01 01:07:00,38.930219698075405,-77.07790517737372,2.5862083488803878,4.650153694544718
2024-12-01 01:08:00,38.857455064367976,-77.02907556847184,1.647063534322959,-2.491069543088975
2024-12-01 01:09:00,38.94868869366005,-77.04255220166918,3.302150648714975,1.7602628805254747
2024-12-01 01:10:00,38.927224476929666,-77.0407383759088,7.56751505688635,2.0662986987870955
2024-12-01 01:11:00,38.86987156815342,-77.05327844979001,5.193858595039373,1.1000741707948567
2024-12-01 01:12:00,38.85055221171236,-77.09158136207272,2.048812741507126,-1.8709260578635178
2024-12-01 01:13:00,38.931546142845484,-77.09642521305331,8.778300781520409,-2.2890374623593424
2024-12-01 01:14:00,38.92068573438476,-76.9024555220528,8.795818549515293,0.9766828270270311
2024-12-01 01:15:00,38.9229007168041,-77.01444537325283,8.70578425046007,3.6609563361169144
2024-12-01 01:16:00,38.927127034668594,-77.02313467056807,2.3879621138153926,4.4673372892339565
2024-12-01 01:17:00,38.85740446517341,-76.96407054346139,4.512393441809881,-3.9409419559624235
2024-12-01 01:18:00,38.885846572854426,-77.05634922242699,9.849896561408752,-3.4517138740228015
2024-12-01 01:19:00,38.861586905952514,-76.91000776320996,7.7201247630999035,4.447362587830796
2024-12-01 01:20:00,38.93631034258756,-76.9427309971169,0.2716742122555982,2.365352283347926
2024-12-01 01:21:00,38.912329812682756,-77.08211779953754,0.6520459126049205,3.829938248297731
2024-12-01 01:22:00,38.883089802485266,-77.01648384484301,4.639313768123328,-2.973673658646568
2024-12-01 01:23:00,38.8563558350286,-76.92417633848757,9.092202058615602,0.8758587110940184
2024-12-01 01:24:00,38.88109823217157,-76.91105359554172,5.387017979527142,2.011395944174737
2024-12-01 01:25:00,38.88251833220268,-77.00651969775002,4.9781250803429025,1.8011188544697267
2024-12-01 01:26:00,38.92296061783381,-76.97731772215786,1.0547369995663058,-0.9184830913330186
2024-12-01 01:27:00,38.913755747135525,-77.06659321078158,6.5678010472429404,-4.846051083086915
2024-12-01 01:28:00,38.93872127425764,-76.90176627477261,8.221031606002255,0.8292605680426313
2024-12-01 01:29:00,38.897221492516195,-77.05366565972331,3.8042000750756233,-2.4689846082039124
2024-12-01 01:30:00,38.861959424593834,-76.91145364517298,7.756118509253275,-0.49745753857109687
2024-12-01 01:31:00,38.921324478722305,-76.97007067020152,9.644766539008117,4.575810150838173
2024-12-01 01:32:00,38.92607850486169,-76.97845264102423,2.037664591276891,-1.009646823575653
2024-12-01 01:33:00,38.90612771975695,-76.9974622977967,5.233296311947413,3.398016066644267
2024-12-01 01:34:00,38.92709671799546,-77.05386603765645,2.8713795808457556,-3.1145939425074887
2024-12-01 01:35:00,38.899379559636444,-77.0646943935989,7.9285441903383935,1.7246049802502883
2024-12-01 01:36:00,38.902273282938204,-77.05590275818597,5.775933658811575,4.770069544389434
2024-12-01 01:37:00,38.892754101835855,-77.06271234757115,6.345824175503037,-3.9810689912706323
2024-12-01 01:38:00,38.85254191267441,-76.94408310528665,7.979141596158941,-4.91680057772808
2024-12-01 01:39:00,38.86078914269933,-77.02997494816665,3.959704726624549,-0.664172073673857
2024-12-01 01:40:00,38.85314291856867,-77.08843146468732,9.150900684070432,-4.073745169486328
2024-12-01 01:41:00,38.91364104112638,-76.90617947397185,5.3302886724614,2.4838434967623133
2024-12-01 01:42:00,38.881435598107636,-76.92324282300731,1.57954822835348,4.14548663848559
2024-12-01 01:43:00,38.90085706911647,-76.91444954336096,6.958991181688025,-0.6597902729124119
2024-12-01 01:44:00,38.94075664739261,-76.90101843547072,7.9326135043825445,-2.4128835784455904
2024-12-01 01:45:00,38.874929222914886,-77.0652209501561,3.1676167706752665,-0.6559668099339024
2024-12-01 01:46:00,38.89103829230356,-77.02075159621947,8.57179256998753,2.2344781785000105
2024-12-01 01:47:00,38.92555511385431,-76.94835230485918,9.061432547657663,-4.90945838419629
2024-12-01 01:48:00,38.872879816549165,-76.96079587638924,2.769044873778089,0.8945398948469716
2024-12-01 01:49:00,38.85769799098288,-77.06922081873202,9.83521472715222,1.1329168488737906
2024-12-01 01:50:00,38.87897514529138,-76.93683337500188,1.4071152804875842,1.376882468959355
2024-12-01 01:51:00,38.8661221287254,-77.05511188563267,2.0201566840249,-2.579779200191228
2024-12-01 01:52:00,38.94296976523426,-77.05523647703548,1.8422483923802613,2.1405272337812677
2024-12-01 01:53:00,38.93081203795644,-76.99260511542131,8.939897100078705,-4.086085136682236
2024-12-01 01:54:00,38.913340375651046,-76.98141201303166,6.542925523249618,-3.0072966353319917
2024-12-01 01:55:00,38.93714605901877,-76.98398275843243,1.5210428322227287,3.77470046654482
2024-12-01 01:56:00,38.93036720768991,-77.08170263252045,4.40323418368349,2.387231507265664
2024-12-01 01:57:00,38.86865700588861,-76.92450782747393,6.15298025069802,-4.862544459886547
2024-12-01 01:58:00,38.939255899849,-77.04687999148226,0.8346408498938329,-2.5162373963019977
2024-12-01 01:59:00,38.903934224191566,-77.07409701574343,8.824163684073387,-2.8559351700683546
2024-12-01 02:00:00,38.93074401551641,-76.92225038402621,8.036035354415352,-2.2919367196302742
2024-12-01 02:01:00,38.939609129992355,-76.90886970035406,5.052067735766382,-2.524402297201136
2024-12-01 02:02:00,38.88180034749719,-76.92757447654691,9.671266152591704,-4.374737042571542
2024-12-01 02:03:00,38.86100519245277,-76.93809678505502,4.177609792750997,-0.4105948340317962
2024-12-01 02:04:00,38.8727935162542,-76.9689516038722,9.841103190364977,2.3273347478616513
2024-12-01 02:05:00,38.89271077886263,-76.98982852587817,6.67919998803627,1.0673172471743637
2024-12-01 02:06:00,38.93180147659225,-77.08260264801771,6.346712732539414,1.7287166859807979
2024-12-01 02:07:00,38.93607305832564,-77.01830935738586,1.65954895295785,-4.188508214637609
2024-12-01 02:08:00,38.85069521305312,-77.02546229659754,8.81927758304644,4.5149071017678715
2024-12-01 02:09:00,38.90107473025776,-77.04804924324793,4.2748968792061515,3.384918338430248
2024-12-01 02:10:00,38.89174110031488,-76.95531597726229,1.6223340578247936,3.0509031849566277
2024-12-01 02:11:00,38.87221078104707,-77.00082485298425,0.1260751997575904,3.2298380504176745
2024-12-01 02:12:00,38.86198653673337,-77.08379075681846,5.597556836383825,4.327105081327613
2024-12-01 02:13:00,38.883761517140364,-77.05596335961003,5.2739962212267635,0.4425396611369772
2024-12-01 02:14:00,38.94429097039126,-76.96334824726809,7.193536223691586,-2.997179821323741
2024-12-01 02:15:00,38.88232029320208,-77.08477382810193,8.902580530178021,1.1678360785254114
2024-12-01 02:16:00,38.90187906217434,-76.92975861719025,0.7940658464302952,2.42881493667939
2024-12-01 02:17:00,38.92030189588952,-77.0009706945972,7.314964903403624,2.3791739335402537
2024-12-01 02:18:00,38.88636296023793,-77.00388268453467,1.8741194409758222,0.21449024166880104
2024-12-01 02:19:00,38.9471782082721,-76.9815184430681,8.581770531571639,-4.315412806664219
2024-12-01 02:20:00,38.94624472949421,-76.93506380681498,8.19063513861656,-1.2888706156987215
2024-12-01 02:21:00,38.87517822958254,-77.03043815841956,5.407937549855443,4.207666084633573
2024-12-01 02:22:00,38.89972485058924,-76.96439676948819,7.102427986233115,0.84448909757426
2024-12-01 02:23:00,38.88008783098168,-76.98685360720084,3.1435011318374837,0.3833194325571343
2024-12-01 02:24:00,38.87848404943775,-77.04659434596611,4.7116789893281465,-2.311464856178065
2024-12-01 02:25:00,38.85368869473545,-76.92427400272898,8.216368977104716,-1.3155108008342111
2024-12-01 02:26:00,38.91095643339799,-76.94051479567862,4.592651971732139,3.9534608915316927
2024-12-01 02:27:00,38.90026790232289,-76.96830963306832,3.577982653254418,1.664630475268357
2024-12-01 02:28:00,38.855147875125,-76.92988365418115,4.942124472502999,2.873870267523328
2024-12-01 02:29:00,38.87786464642366,-76.92654115980804,8.282492524372184,-0.4565457693234487
2024-12-01 02:30:00,38.94082658859667,-76.958327404657,3.3520804737087273,1.3024721945615791
2024-12-01 02:31:00,38.873956189066696,-76.93259733432727,1.737615931357438,-2.516163912567925
2024-12-01 02:32:00,38.86448948720913,-76.96050570766614,7.120140203307807,2.054608302834863
2024-12-01 02:33:00,38.89894527602776,-76.96397184564795,8.259782127080818,-0.7239866629666274
2024-12-01 02:34:00,38.948565045411065,-76.97627772435696,1.0063747852353333,-0.5745448518525444
2024-12-01 02:35:00,38.874205527151155,-76.94945667208847,2.3987411275594472,1.4932232457688164
2024-12-01 02:36:00,38.91721355474059,-77.06827897894138,1.419719897609939,4.362806214689266
2024-12-01 02:37:00,38.92616196153288,-76.92382584816022,3.4794141158216663,-4.359936533913791
2024-12-01 02:38:00,38.87376375439924,-76.92563129445095,4.503509789054126,3.247432373470076
2024-12-01 02:39:00,38.92282163486119,-77.09415054339308,7.4882633696330645,-2.0761688958780686
2024-12-01 02:40:00,38.886778313271925,-76.93483664988705,6.511475848816741,-0.5608054549362222
2024-12-01 02:41:00,38.91323058305936,-77.0742260265053,6.2092856747843115,-4.78086671224991
2024-12-01 02:42:00,38.913352971076094,-77.03297622914818,3.523749466096544,-1.9895392216568695
2024-12-01 02:43:00,38.90357746840748,-76.95129834874169,8.4144755308476,0.02631242630130437
2024-12-01 02:44:00,38.859028977005444,-77.06784802079034,4.712871673981645,-4.43823922652561
2024-12-01 02:45:00,38.93353024955893,-76.9364065951762,9.791049380151545,-0.08904270616834875
2024-12-01 02:46:00,38.882078006497174,-76.93357316440846,6.3414213829573685,4.2711062885842725
2024-12-01 02:47:00,38.868651851039985,-76.99850645324783,1.2626474156450274,-3.946067818921948
2024-12-01 02:48:00,38.85407751415548,-77.09872282565662,6.7617756207543405,2.6444072807550434
2024-12-01 02:49:00,38.909089294318825,-77.04259237336501,3.25104015431699,-0.9032894662400732
2024-12-01 02:50:00,38.91775643618423,-76.97661461632485,6.8632719668609745,1.5517371452433801
2024-12-01 02:51:00,38.851658782892784,-76.90376276439451,0.6964114816240574,-2.3976340201477067
2024-12-01 02:52:00,38.90120930582993,-76.97363729459667,1.7488143717595939,-3.4050773745864173
2024-12-01 02:53:00,38.872649577519795,-77.04803928378716,8.557372589057863,-3.3953738572877357
2024-12-01 02:54:00,38.91451727904095,-76.97319885938008,2.271795570235149,-4.295080543568553
2024-12-01 02:55:00,38.8674366429005,-76.99200292405683,8.3704112524294,-3.14353295098757
2024-12-01 02:56:00,38.919093773810246,-76.94403092096978,2.792760884544104,1.6421938498896829
2024-12-01 02:57:00,38.88867353463006,-77.07860387223461,6.428819100587076,3.81690611843508
2024-12-01 02:58:00,38.94367299887367,-76.9477944194996,6.9415057350983105,3.1412568559116174
2024-12-01 02:59:00,38.8637520944146,-76.99174668426478,5.126547531450529,1.8513430987448407
2024-12-01 03:00:00,38.88410663510503,-76.90740159922821,3.053106766967313,-3.895681365888973
2024-12-01 03:01:00,38.86134735212406,-77.03162556679226,2.126443763710961,-2.1081255370405017
2024-12-01 03:02:00,38.94246936182786,-76.97347562137321,0.3318935456242622,-1.9019312467753102
2024-12-01 03:03:00,38.9377339353381,-76.913594378898,3.039464012407238,-2.5004305360237877
2024-12-01 03:04:00,38.87579416277152,-77.07949805440185,6.53162790531283,0.1500565970972314
2024-12-01 03:05:00,38.91599840460342,-76.91255430255272,9.383048184484826,0.3555381487967253
2024-12-01 03:06:00,38.93172222002013,-76.96242285553984,8.71204482263052,-1.431140248288898
2024-12-01 03:07:00,38.90552008115995,-77.08643258817897,7.660647765353026,-1.46210841263564
2024-12-01 03:08:00,38.9029650578356,-77.03980728661064,7.884473432532987,3.2855559790608133
2024-12-01 03:09:00,38.874185229090045,-76.95836558227094,6.649849034759953,2.8929284831968562
2024-12-01 03:10:00,38.85931027678059,-77.08652987970623,2.60286857566003,-1.9220416831925435
2024-12-01 03:11:00,38.93972157579533,-76.98356590796475,9.071950307058298,4.137884438732593
2024-12-01 03:12:00,38.940041805716334,-77.0308233886094,6.707323119058341,4.528150170025061
2024-12-01 03:13:00,38.91331014572733,-76.9758168964465,5.6044063098044,-1.732574579699592
2024-12-01 03:14:00,38.883902979104874,-77.09085159323749,1.1098946921348107,-1.4557505120694514
2024-12-01 03:15:00,38.88492095746127,-76.92569263876953,4.470555438064254,0.05634153421958832
2024-12-01 03:16:00,38.92259556788703,-76.90530220616452,4.6035827120192625,4.411208125336735
2024-12-01 03:17:00,38.93971102599526,-76.90622442894286,8.645636095226699,3.763194331423115
2024-12-01 03:18:00,38.93870864242651,-76.95006963365142,5.466482201877884,-3.974320374164102
2024-12-01 03:19:00,38.92798755458576,-77.07398275197387,3.8040054897040965,-1.0726925672858378
2024-12-01 03:20:00,38.91420316461543,-76.9483473608142,9.768003285106593,0.5337118974977182
2024-12-01 03:21:00,38.85841399649951,-77.09508261670824,1.1072059332631567,0.03132472551540033
2024-12-01 03:22:00,38.866162871409465,-77.0955752896942,4.225484283119446,-3.0613693206310733
2024-12-01 03:23:00,38.93985541885271,-77.03527795617009,0.4202467517140529,3.588167711681546
2024-12-01 03:24:00,38.910642905965965,-77.00227136191907,7.3990412076693035,1.7694078299683733
2024-12-01 03:25:00,38.850919705161665,-76.94591851643844,9.180765521991507,3.3790837485180365
2024-12-01 03:26:00,38.86014715428661,-76.9633409246787,2.8003732955048943,3.5876427934947213
2024-12-01 03:27:00,38.91635017691081,-77.01081945872465,8.583416767991208,2.483558536657398
2024-12-01 03:28:00,38.850506158384626,-77.04527466674367,2.9221823046189774,-0.6078939875028269
2024-12-01 03:29:00,38.86608080514175,-76.90057509996846,9.107701616439153,1.1054675501542457
2024-12-01 03:30:00,38.904873378936664,-77.0147637395528,7.5396190359678394,-3.3963459388025683
2024-12-01 03:31:00,38.91918951976927,-77.00972259513406,8.049067768414385,1.7364541747490767
2024-12-01 03:32:00,38.91519612595026,-77.06727523576166,0.180065556004545,-3.2074674426071925
2024-12-01 03:33:00,38.872426930946055,-76.94103809025002,9.62810357074026,1.9394959051015679
2024-12-01 03:34:00,38.92121792213476,-76.96126355484371,7.266709920703232,-2.7040183924603136
2024-12-01 03:35:00,38.87372490874968,-77.05584607744224,3.047510953861333,-3.8244869984978003
2024-12-01 03:36:00,38.88253996981593,-77.08352379087682,8.29394664858847,-3.3471550985704255
2024-12-01 03:37:00,38.924649140511804,-76.96390013958506,2.8152119841492995,-4.9800786478092975
2024-12-01 03:38:00,38.914963289904726,-76.96909775714377,8.727538395661279,2.1873961785353027
2024-12-01 03:39:00,38.93492234104942,-77.04534809460036,1.1258039041193701,2.324010490583791
2024-12-01 03:40:00,38.91576128923003,-76.90982728754992,7.036859774607958,0.1493334991325943
2024-12-01 03:41:00,38.90683086033355,-77.06978842164382,5.406984766449103,-3.386371989446163
2024-12-01 03:42:00,38.85936747678281,-77.01353303979148,0.9653447019544081,-4.164456624893102
2024-12-01 03:43:00,38.88677158030595,-76.91127681596649,2.41893828258839,-4.80871033562713
2024-12-01 03:44:00,38.87652023676817,-77.01605453661477,0.1240403627731479,-3.342518230347793
2024-12-01 03:45:00,38.87439896433791,-76.97229481046719,4.687679654645058,3.9085553498314667
2024-12-01 03:46:00,38.94730105547525,-77.02048112040744,3.0126526076000038,-2.5846315829831825
2024-12-01 03:47:00,38.889309772466675,-77.04515695953026,5.983574842977588,-1.4572867278278432
2024-12-01 03:48:00,38.93920465551771,-76.90320447040804,2.972378077086172,-3.9465451551866684
2024-12-01 03:49:00,38.91311386259973,-77.01813319873699,2.9991911150698467,-2.776386952518297
2024-12-01 03:50:00,38.92948113035417,-76.92118015926418,7.431931987316034,0.1922457078020514
2024-12-01 03:51:00,38.90026370931052,-77.05400907882178,0.4814283597835345,1.0775268309565256
2024-12-01 03:52:00,38.90769038846264,-77.05737905919499,9.028949951919872,-2.5464768583378894
2024-12-01 03:53:00,38.89925176938189,-77.0937731834231,8.522638743911815,-4.422678407748828
2024-12-01 03:54:00,38.86952429877981,-76.96966663492482,6.678046832264065,-1.0896713087260137
2024-12-01 03:55:00,38.92224521152615,-77.02629473125525,5.932215701073843,-2.657966290736659
2024-12-01 03:56:00,38.87807723624409,-76.92712835003208,8.923024981396523,-2.804460767701981
2024-12-01 03:57:00,38.85243159664315,-77.00535801866168,1.8533017952871444,4.598628027134552
2024-12-01 03:58:00,38.91454722959072,-76.90636131441705,0.7896916219082861,1.1630048592572404
2024-12-01 03:59:00,38.867711067940704,-77.06289489685938,2.395101699095381,0.5687844317209585
2024-12-01 04:00:00,38.944045858435295,-76.92627536640889,7.945782787001903,-0.8422489647667808
2024-12-01 04:01:00,38.94539285770026,-76.94468062944165,0.34670266726483323,-0.7105566656985571
2024-12-01 04:02:00,38.94148643902205,-76.9458156310712,5.828068350834896,0.40905003838080845
2024-12-01 04:03:00,38.88701587002554,-76.93104335437663,9.954375161913099,1.9642980703610728
2024-12-01 04:04:00,38.851545661652885,-76.9477952018114,8.556960938375394,2.0214609618182946
2024-12-01 04:05:00,38.94283185625878,-76.97475593567371,5.214456890435894,-3.2830609229455043
2024-12-01 04:06:00,38.89281841483173,-77.07375102446352,0.6364090928664234,0.0011275207662695408
2024-12-01 04:07:00,38.94666548190437,-77.09349476410175,8.313735143857098,-0.8804190496589808
2024-12-01 04:08:00,38.94636199770893,-76.91583043043687,5.989785081772105,3.7052696626938424
2024-12-01 04:09:00,38.935300945546736,-76.97666993709585,1.1493299705956683,1.3141892121837637
2024-12-01 04:10:00,38.87944488920696,-76.94069254180476,0.938572848233562,0.32504066415981825
2024-12-01 04:11:00,38.888509772860196,-77.0036955296975,9.096268194365924,-3.8460535782108263
2024-12-01 04:12:00,38.93511366715169,-77.07653836220751,6.692002629380784,1.0563788932341147
2024-12-01 04:13:00,38.88169220051563,-77.07496284155948,8.292867993167555,-3.8279609431976658
2024-12-01 04:14:00,38.86694927466861,-76.9628869425542,8.789789002822673,-1.6279342443424794
2024-12-01 04:15:00,38.90568012624584,-77.0139388210201,5.717723520483222,-3.5715803518566815
2024-12-01 04:16:00,38.94361547741608,-77.05989505465993,5.174463517550413,1.920736470243689
2024-12-01 04:17:00,38.9196029796675,-77.00168109065172,4.304274103209902,-2.937478861638474
2024-12-01 04:18:00,38.90700611700894,-77.08715821258497,3.169465877911193,-1.08140626811974
2024-12-01 04:19:00,38.85971764937708,-76.98360571961712,4.345959608587117,3.956747776187786
2024-12-01 04:20:00,38.91150072266992,-77.04620131911298,7.738796557301564,-2.956836166010297
2024-12-01 04:21:00,38.94900538501043,-76.94048817987256,6.019234310151315,0.0780506395877909
2024-12-01 04:22:00,38.864008401523655,-77.03792760821528,8.925232899548462,-0.8072833883397799
2024-12-01 04:23:00,38.90183296523637,-77.00895597018364,4.433800143791878,-4.818759589542703
2024-12-01 04:24:00,38.9377373071928,-77.09767589201837,6.07089578718754,2.9275811357281274
2024-12-01 04:25:00,38.924076861775426,-77.08551062244108,6.313075530919887,-4.3095409368540025
2024-12-01 04:26:00,38.91970157409953,-77.02150128871867,5.916971623063255,-0.25744979023046355
2024-12-01 04:27:00,38.92024840839871,-77.00401223305657,7.026337730855163,0.6067829493894994
2024-12-01 04:28:00,38.885949115121974,-76.97999589037614,2.374334683748063,1.284264566145871
2024-12-01 04:29:00,38.87935918442645,-77.04166748425814,5.123637775457906,1.8863162930787558
2024-12-01 04:30:00,38.93093611554785,-76.9610036227747,1.0422480280834767,-2.467276164772849
2024-12-01 04:31:00,38.93101133946792,-76.92797552056216,3.8451132764481253,-4.900212233415506
2024-12-01 04:32:00,38.936707231858016,-76.94402980222134,4.876670686212644,2.2344366235491195
2024-12-01 04:33:00,38.94132405525565,-77.09207623493032,6.522242595454725,0.3565659934757859
2024-12-01 04:34:00,38.9011342398861,-77.00389861054843,9.505310525862035,3.3611770320724883
2024-12-01 04:35:00,38.90015162946872,-77.07901396431636,6.0065106654835585,3.2138836290069435
2024-12-01 04:36:00,38.92982951789668,-77.05159099682749,7.435939161765598,3.433261677878832
2024-12-01 04:37:00,38.91499639307778,-76.90266748134658,5.062660594952027,-0.14905340020459867
2024-12-01 04:38:00,38.92019668772577,-77.07150089141969,6.341040313763314,-1.6637160416313437
2024-12-01 04:39:00,38.92957926694361,-77.00022236930972,0.7093221613377343,2.9155820259137
2024-12-01 04:40:00,38.93900053418176,-76.97636885313638,2.54391580841847,-0.48705886970745027
2024-12-01 04:41:00,38.883799515685155,-76.95950700589118,3.618530932051387,-3.165578035965655
2024-12-01 04:42:00,38.88755829526399,-76.98807026330262,4.724933550065136,3.549740195614744
2024-12-01 04:43:00,38.85939819398409,-77.09804583051616,0.45648745502383736,3.8255987677234735
2024-12-01 04:44:00,38.90782801409962,-77.0347077383512,1.4002409755331768,-0.33690243859829927
2024-12-01 04:45:00,38.85359422737967,-76.99645767132306,2.7681430779130576,-4.243002726902125
2024-12-01 04:46:00,38.89655980181325,-77.08242670017103,9.715326909010507,-1.1217391008306876
2024-12-01 04:47:00,38.90426446347076,-77.02987461375817,3.3134700710305074,3.035376594626033
2024-12-01 04:48:00,38.87865412521283,-77.09335937824171,4.820410581120825,4.017740285462287
2024-12-01 04:49:00,38.9090833260569,-77.084284300569,1.9609771273839294,-2.9652725750240414
2024-12-01 04:50:00,38.853050024993905,-77.02061534475968,6.107800710757683,-4.330263879747285
2024-12-01 04:51:00,38.853734818874926,-77.07345684919139,2.806832155159743,3.7735045313283866
2024-12-01 04:52:00,38.93226005606597,-76.98649183034769,2.0699257843842678,-1.1059506102112469
2024-12-01 04:53:00,38.88601906414113,-76.96210700617254,5.16572628445979,0.4176096426756324
2024-12-01 04:54:00,38.86270605126519,-76.93988266017818,0.05505799160420821,4.680658120507589
2024-12-01 04:55:00,38.90222432600548,-77.05996995115103,0.07664032649225327,-4.334352720857772
2024-12-01 04:56:00,38.92699935530986,-77.06650348354819,2.1906880910185778,1.4831800745209556
2024-12-01 04:57:00,38.871582102749684,-77.07908643193312,0.3672136250082114,-4.2589457742513295
2024-12-01 04:58:00,38.9122890475819,-76.97271395009128,1.0802575413069138,-1.2453107153349965
2024-12-01 04:59:00,38.85853474649938,-76.95870485470262,3.388606493387516,3.038145451934467
2024-12-01 05:00:00,38.85516817211686,-77.09368277103486,8.025856795798129,-0.665277672443656
2024-12-01 05:01:00,38.903135463156815,-76.91275755075127,5.720486433693008,4.971823539029504
2024-12-01 05:02:00,38.90406351216101,-77.0896057432697,5.126677259564164,0.590592849466022
2024-12-01 05:03:00,38.91374299014982,-76.99174073293979,2.9348882320812164,-1.7883784736404653
2024-12-01 05:04:00,38.92260913337227,-76.95818789610982,9.317537194328164,-2.7988867409524687
2024-12-01 05:05:00,38.947585207946254,-76.92580617525078,3.9701504123719165,-1.4947946571383817
2024-12-01 05:06:00,38.90163003483012,-76.95718261357352,0.8709276679577149,-1.274667262404492
2024-12-01 05:07:00,38.88229564729413,-76.93965438338604,6.170665161178013,-4.31286322276039
2024-12-01 05:08:00,38.92951861947687,-77.03210996149144,1.138383934766014,-1.3042580057322684
2024-12-01 05:09:00,38.877083225126206,-76.9370349772507,3.452231428016921,-0.3576148026077508
2024-12-01 05:10:00,38.893897142070564,-77.08397703072306,5.074119387178088,2.2273775223880463
2024-12-01 05:11:00,38.85784563813423,-76.9210366687879,8.742225246851758,1.56729484721608
2024-12-01 05:12:00,38.852535074341546,-76.99048152476925,4.935465803401186,2.0876565522915422
2024-12-01 05:13:00,38.946264841467794,-76.9365404460075,7.022587660316643,-4.916363181231429
2024-12-01 05:14:00,38.93359801205122,-77.00953634309634,9.928168389990704,-2.8233260041946395
2024-12-01 05:15:00,38.91959742060937,-76.9712844609607,1.3148911989798162,1.6168428839985651
2024-12-01 05:16:00,38.89089529444143,-76.99471946781277,2.747315255195195,-0.1601063182025282
2024-12-01 05:17:00,38.86732943200709,-76.95368209564893,3.945760755976464,-4.946865243316541
2024-12-01 05:18:00,38.86564370426711,-77.08367400359387,4.218281785388314,3.0449464243182227
2024-12-01 05:19:00,38.87502428981646,-77.08792958320188,4.110210752655457,2.728095732903374
2024-12-01 05:20:00,38.90492266647061,-77.05057935319797,9.07611002556555,0.48419162993562637
2024-12-01 05:21:00,38.92145959227001,-77.06809106397736,7.140326444668564,-4.335366742237278
2024-12-01 05:22:00,38.916019737671775,-76.92564328668156,6.079052140907038,2.6651504953258467
2024-12-01 05:23:00,38.877993389694595,-77.05615720252838,3.093727178627821,0.8371358773136395
2024-12-01 05:24:00,38.945486528066326,-76.90482694883617,8.237903842212948,2.8195997715795915
2024-12-01 05:25:00,38.923789691669576,-77.03262084164578,9.550605114849889,2.517469923958404
2024-12-01 05:26:00,38.90543540525114,-77.06357641686226,8.211982825502265,3.0300207195783706
2024-12-01 05:27:00,38.91117207462344,-76.9420602985715,0.01565105191472904,0.18008066404624845
2024-12-01 05:28:00,38.89196000624278,-76.96825844489983,6.36401370183407,-3.5967548180648503
2024-12-01 05:29:00,38.874773098950115,-77.00036085670938,0.5113538144210072,1.711574733796887
2024-12-01 05:30:00,38.88559726786513,-76.98892728981248,2.5760722033372185,1.204737850519706
2024-12-01 05:31:00,38.92578461104644,-76.95615964434555,0.5952470034777169,2.4225318719908717
2024-12-01 05:32:00,38.851439348862975,-77.05430905173374,6.037954529493877,-3.301189939492647
2024-12-01 05:33:00,38.86160726405069,-76.90073321678865,6.865899134926067,-3.050248000997108
2024-12-01 05:34:00,38.854600264202176,-76.90504136757065,1.1448763806590512,3.9040951721932853
2024-12-01 05:35:00,38.8540728802319,-76.96993486273061,3.838388830449795,2.4997779845207084
2024-12-01 05:36:00,38.9355460584011,-77.06009150981417,4.562365089555421,4.08228488700323
2024-12-01 05:37:00,38.920365785938,-76.96395435151375,3.690530217609166,2.5871532116392073
2024-12-01 05:38:00,38.897417382908735,-77.08556031820416,1.2102500048519305,0.9715530599030187
2024-12-01 05:39:00,38.8597834160651,-77.09386949955883,4.1894779018747546,1.5413273702787365
2024-12-01 05:40:00,38.899161587511685,-77.04846342229776,7.511780478084181,3.891279239400099
2024-12-01 05:41:00,38.89734717707806,-77.00747540865214,0.7100766453325547,0.7880675451194055
2024-12-01 05:42:00,38.867320186991,-76.92634549891832,0.8018001408190345,1.323913243283874
2024-12-01 05:43:00,38.8933851649238,-76.95456618604675,3.547712918359842,-3.4352328399639944
2024-12-01 05:44:00,38.889850473439736,-76.95145869576001,9.417257116189251,-0.2607877988389724
2024-12-01 05:45:00,38.91158500980522,-77.01490133311039,6.6857264672291405,2.1639711195809896
2024-12-01 05:46:00,38.91350936508677,-77.0308130014906,6.786699566725648,-2.290573016836346
2024-12-01 05:47:00,38.854530400977204,-77.02579224740307,3.6191999083786497,-2.977458194754651
2024-12-01 05:48:00,38.88746126146265,-76.9024700872528,5.9366079120853845,-1.8617319177558445
2024-12-01 05:49:00,38.912585991571426,-77.09197816171749,0.10131184027743378,-2.5849937200716653
2024-12-01 05:50:00,38.90031362585801,-76.92659370077551,6.360960464095422,-2.8508736296360415
2024-12-01 05:51:00,38.935648984118835,-76.98426491828552,9.132869475762368,-0.7514915713191304
2024-12-01 05:52:00,38.915869363161896,-77.01227691616208,6.125734683448192,4.0783851388353405
2024-12-01 05:53:00,38.86629344270815,-76.95494846791698,8.736985934663451,0.07059646738718328
2024-12-01 05:54:00,38.857056874740046,-77.00266621171505,7.239730554660938,-3.12079619184677
2024-12-01 05:55:00,38.91424192782063,-76.92531535238368,1.2055841640369025,-4.230283306191259
2024-12-01 05:56:00,38.85265113105417,-76.91985962719775,9.024533072858418,1.9615614513792519
2024-12-01 05:57:00,38.90857755812735,-77.0156558146253,0.6644384435577488,-1.172012355636122
2024-12-01 05:58:00,38.944023024142496,-77.04463444055298,5.3396747254776376,3.2183094658535936
2024-12-01 05:59:00,38.90754741778759,-76.98152993428133,1.4213712379345766,1.5951076864077018
2024-12-01 06:00:00,38.888816992620654,-76.91752733087667,0.11706610730904066,2.962414505413685
2024-12-01 06:01:00,38.91432882184424,-77.05786756219887,4.22034260127639,-2.2805396058155125
2024-12-01 06:02:00,38.89582528904916,-76.9754066832873,2.9504070765415626,1.9235892246105815
2024-12-01 06:03:00,38.90456167893159,-76.9736879559815,4.86000493797603,-2.359380153062812
2024-12-01 06:04:00,38.944146480877656,-76.95337739551695,5.771998867345508,4.390684794502915
2024-12-01 06:05:00,38.88861026378008,-77.07368646297455,0.4373907230894736,1.3637428153337439
2024-12-01 06:06:00,38.94611905638239,-76.95683500706359,1.2300329512374564,-1.7548819982465789
2024-12-01 06:07:00,38.94053506419561,-76.91819349586687,5.586423964504253,-2.3048813770772734
2024-12-01 06:08:00,38.869579113478935,-77.06406337822595,3.4316735317265823,-3.090734149283565
2024-12-01 06:09:00,38.85693613008752,-77.05249133501522,7.29173487549448,1.9464095889372777
2024-12-01 06:10:00,38.860077800137745,-76.90572098119168,6.522916485919397,-2.812843870020727
2024-12-01 06:11:00,38.85182218256516,-77.0638046094581,8.456043629899067,0.953032659274891
2024-12-01 06:12:00,38.859444296075594,-76.92912298132609,6.924928266692253,-2.353649730746427
2024-12-01 06:13:00,38.91830067734164,-77.00154442871039,4.299310773901482,1.6196894479386863
2024-12-01 06:14:00,38.85711886484602,-77.05055378511936,6.729666223944324,3.149397285405392
2024-12-01 06:15:00,38.881897563029376,-76.9258500197455,2.753811742554185,2.780252431446532
2024-12-01 06:16:00,38.93448753109695,-77.01093894899947,3.063134987782127,2.608513309307817
2024-12-01 06:17:00,38.852327193573586,-76.99703652921406,7.889851599207933,-3.122775943077479
2024-12-01 06:18:00,38.931446848258894,-77.02815332612005,4.4641951640158215,-4.116150530154813
2024-12-01 06:19:00,38.878185477477345,-76.98140982971302,7.983803405183525,1.9894882848738558
2024-12-01 06:20:00,38.861816482762165,-77.067295225483,8.224223736682784,-1.3165278620564869
2024-12-01 06:21:00,38.919673716536415,-77.02178369266964,8.575623376612837,-0.6765377359665266
2024-12-01 06:22:00,38.91289428467799,-76.90611753553294,9.166352358412073,-4.68850907206609
2024-12-01 06:23:00,38.93774720135271,-77.04837331345978,4.309852205132962,-2.404235507249508
2024-12-01 06:24:00,38.92350710438039,-76.96865266709175,3.188668183211388,-4.66323596125536
2024-12-01 06:25:00,38.93034809303849,-77.03496198715506,5.821987465941138,3.791857726012477
2024-12-01 06:26:00,38.87820345725713,-76.94530537486268,3.711724234376276,-2.5660331678146955
2024-12-01 06:27:00,38.86774395437797,-77.07382526785632,6.010741668002329,0.5733716957300805
2024-12-01 06:28:00,38.925061475164085,-76.90603579098429,7.055858626438246,-4.610206793388696
2024-12-01 06:29:00,38.93068347392673,-77.00924209172327,6.884050184921369,1.6684739130565802
2024-12-01 06:30:00,38.94905051420007,-77.0527899073307,3.7455288702012135,-1.7697265424590611
2024-12-01 06:31:00,38.89126176769115,-77.085300650534,1.6686020169875282,3.979191869576658
2024-12-01 06:32:00,38.88720180857928,-77.06604841898249,4.305293384622075,3.8811818893403576
2024-12-01 06:33:00,38.9276412960742,-76.9960452102888,1.4259414408190874,-1.747093816382522
2024-12-01 06:34:00,38.8840803540253,-77.03259936471375,8.900970351838083,4.009608956904678
2024-12-01 06:35:00,38.94307573256036,-76.93422332682348,3.458774607378574,4.961576734987789
2024-12-01 06:36:00,38.9358412751843,-77.01382249526763,1.5445974722332378,3.254156641239481
2024-12-01 06:37:00,38.892899402737505,-77.05025714548248,0.2544775990575088,3.448713477552289
2024-12-01 06:38:00,38.92508710677915,-76.9765710026792,6.458223862864843,-2.5099126389091007
2024-12-01 06:39:00,38.92545428740847,-76.95864455662291,6.369023174547433,0.7670239885775629
2024-12-01 06:40:00,38.86031238688359,-77.0665916184198,3.406041665812917,-4.3274408603263215
2024-12-01 06:41:00,38.940255290667956,-77.06647615674234,0.7171188884765101,-4.050820631783303
2024-12-01 06:42:00,38.900525237244786,-77.09266571461329,4.096288948952321,4.988926120332906
2024-12-01 06:43:00,38.932645746610774,-76.95271959698688,3.1121749506339356,-1.7336075057408906
2024-12-01 06:44:00,38.88200496010306,-76.96723909447564,6.7712063973500936,2.4818391204884636
2024-12-01 06:45:00,38.93955232284962,-77.00507382485004,6.057792494526904,3.0666505302681646
2024-12-01 06:46:00,38.888920167873415,-76.93116591020616,3.6459372819754,3.5802327100722913
2024-12-01 06:47:00,38.85108376514803,-76.93886596940999,2.178925542549901,4.976282974021565
2024-12-01 06:48:00,38.94053819764193,-76.98292912712066,9.880359661555918,-2.585035147431322
2024-12-01 06:49:00,38.85912866767862,-76.92634574389736,4.540016211961149,-4.5964917314030025
2024-12-01 06:50:00,38.881931363759044,-77.05883175799265,6.88274235780237,-0.8880848200541402
2024-12-01 06:51:00,38.94500619670508,-77.07761607612045,1.4055296757836078,-3.6991933017105305
2024-12-01 06:52:00,38.94506071469376,-77.0460500776966,4.855896996593978,-4.7757411083794485
2024-12-01 06:53:00,38.907343788812334,-77.08858262878213,0.27536719869465487,-1.395731728585139
2024-12-01 06:54:00,38.91318372121698,-76.99376609439979,5.054551179104499,2.8373825107523647
2024-12-01 06:55:00,38.89484455219783,-76.91267886154101,9.640174071177023,0.6618069122507091
2024-12-01 06:56:00,38.879321077169806,-77.0921312918663,3.8420671298580023,-1.8722201078964593
2024-12-01 06:57:00,38.882866454536995,-77.07557801719798,0.38996012574911587,1.5434200549271972
2024-12-01 06:58:00,38.91725184560771,-77.00956019434331,0.3095579091934353,-2.679818196911893
2024-12-01 06:59:00,38.92523745294377,-76.91322499649442,3.879867599468695,-4.856185539279149
2024-12-01 07:00:00,38.92915790437259,-77.03676877900465,1.6002493646319405,2.643533864364274
2024-12-01 07:01:00,38.92896181427946,-76.99855303826232,0.23352096328185912,1.2374308486400913
2024-12-01 07:02:00,38.85912061030487,-77.09168542818992,7.562136139501768,2.6230262450095996
2024-12-01 07:03:00,38.89944203047026,-77.07033135980758,4.585230088818907,-4.610619833123344
2024-12-01 07:04:00,38.855755876001666,-76.90267397540823,2.8924477197265452,3.371196278306522
2024-12-01 07:05:00,38.90495288823237,-76.9069762607128,9.000831830164808,1.1952620003630336
2024-12-01 07:06:00,38.89415305013734,-77.09901200381312,1.161389602005256,0.6339535071264013
2024-12-01 07:07:00,38.93877041827583,-76.90963764291536,9.559188289553193,1.246140481145316
2024-12-01 07:08:00,38.88509150125521,-76.9721760124369,3.139667173773528,3.6443324686836416
2024-12-01 07:09:00,38.86170670164276,-76.926416341096,8.884036723086812,0.8693650655890703
2024-12-01 07:10:00,38.864299168205285,-77.00905202887323,6.029428764794615,0.809503798881793
2024-12-01 07:11:00,38.92615106317175,-76.99688079428415,8.267073597414875,4.906791570657658
2024-12-01 07:12:00,38.91182180633163,-77.00223068394861,9.840131632104644,2.56730167068568
2024-12-01 07:13:00,38.86011226761228,-76.96662714849079,2.8840543781874572,-0.577061945488647
2024-12-01 07:14:00,38.8584106806115,-77.07206974904874,9.61135485407593,2.073970000329277
2024-12-01 07:15:00,38.92009691314591,-77.09400528202546,3.8948189490242036,-1.1076952830821152
2024-12-01 07:16:00,38.85727630063642,-77.03841401168177,3.8551190473692234,-2.71124537516501
2024-12-01 07:17:00,38.93218600592904,-76.95906384745267,3.403871042545057,0.968518768877594
2024-12-01 07:18:00,38.92062422271565,-77.05962930957541,5.414076073475852,4.281820981139514
2024-12-01 07:19:00,38.85813487806419,-76.96531351333502,1.541450431784871,4.291395200154627
2024-12-01 07:20:00,38.85848377140852,-76.90601759077855,5.537114853580112,-1.5809472189450968
2024-12-01 07:21:00,38.94866395785012,-77.08121985684211,5.41704812410004,0.27677466221694935
2024-12-01 07:22:00,38.887427079575616,-76.96547957635498,7.6190181260487,-2.883641014301388
2024-12-01 07:23:00,38.88706421470669,-77.01124995613908,8.336499619375855,4.956311094988834
2024-12-01 07:24:00,38.93127995672575,-76.9263715491245,4.404413503124241,4.811179078679357
2024-12-01 07:25:00,38.944724857738386,-77.06457004211052,3.0233324935149373,1.4950892970744736
2024-12-01 07:26:00,38.94860010638229,-76.96147480955477,2.5933489731709445,3.0441405967747333
2024-12-01 07:27:00,38.9253378185259,-76.93237694207038,1.9462383670487193,2.1510016128369998
2024-12-01 07:28:00,38.887625958553095,-76.9110771561052,0.5764758219902488,0.9315821903946819
2024-12-01 07:29:00,38.85835007166987,-76.96335039434207,3.424479788347133,-4.466520030111023
2024-12-01 07:30:00,38.92771469159275,-77.00056504719831,2.7024769213078326,-0.4523565744733897
2024-12-01 07:31:00,38.90584042497358,-76.97643055195977,9.664173858664073,1.747863021674105
2024-12-01 07:32:00,38.8924222009247,-76.92621900310426,5.577088262500439,1.7753161388368461
2024-12-01 07:33:00,38.940635438509474,-76.98587805067224,3.4727703903050755,-1.2687738157761643
2024-12-01 07:34:00,38.861119748230614,-77.09392258806062,5.80467600993696,4.416919866580306
2024-12-01 07:35:00,38.89926251042909,-76.91381026089861,1.391967013456955,-3.32642967763219
2024-12-01 07:36:00,38.85113536447675,-76.96209464979368,4.4404374920220295,0.003594462155605882
2024-12-01 07:37:00,38.896866064199415,-76.96469732284456,6.262343214210638,1.9088397655082279
2024-12-01 07:38:00,38.855630327568186,-77.05686496952045,4.888978317924514,1.9713580589180921
2024-12-01 07:39:00,38.86188179162681,-76.96822290595347,4.017788006543243,1.4863895676881551
2024-12-01 07:40:00,38.86175262467771,-77.02122711886916,9.938483888996982,-2.2471178654813984
2024-12-01 07:41:00,38.91492103021161,-76.9697534045917,8.80314762148927,-3.4379343131337805
2024-12-01 07:42:00,38.924604487926544,-77.0786813939384,6.234059581594401,1.3594032682671084
2024-12-01 07:43:00,38.908336876509715,-76.9684309390794,5.693773611822827,0.9930211613943776
2024-12-01 07:44:00,38.946217254847454,-76.90011725484587,6.2066047982458405,-3.2064398971075905
2024-12-01 07:45:00,38.88748705795237,-77.09035759222789,2.0131210782243327,2.051391455705634
2024-12-01 07:46:00,38.87857120862819,-76.90456516315574,3.951377432643186,-0.44828008266343566
2024-12-01 07:47:00,38.936859912818946,-77.01861840785543,0.3945953289089932,1.6776059160315295
2024-12-01 07:48:00,38.872359583851946,-76.92584930993256,4.7554603748682664,3.3736707977015072
2024-12-01 07:49:00,38.94632225394406,-76.94352290318835,5.4302458395766315,-3.3027157142307684
2024-12-01 07:50:00,38.85121544746898,-76.98659674780266,2.277497361032096,-4.808551320031633
2024-12-01 07:51:00,38.94698788267077,-76.95231015814974,9.640288471655138,2.7910258639578682
2024-12-01 07:52:00,38.85431599119506,-76.92429688773973,9.09454610937242,1.0969742515261593
2024-12-01 07:53:00,38.939114311369806,-77.01917193566979,7.221432354559059,1.9963956962212173
2024-12-01 07:54:00,38.902770110908634,-77.03459336768735,5.333866287653626,3.3815497498864246
2024-12-01 07:55:00,38.94929647961193,-76.96648132288729,8.69969159647685,3.028109348245005
2024-12-01 07:56:00,38.85737965647354,-76.93843081161175,1.3065234382346291,4.609201469288246
2024-12-01 07:57:00,38.905385428440134,-76.94754297304468,7.90509794274885,0.35935078852118174
2024-12-01 07:58:00,38.94693025356191,-76.94043727022827,1.248208139668483,-0.11504367340094657
2024-12-01 07:59:00,38.902309784417014,-77.01288333703741,7.942106625494054,-0.9811280010926993
2024-12-01 08:00:00,38.91293986381353,-76.936433156765,2.7576756825135695,-3.463089571557955
2024-12-01 08:01:00,38.919574868898465,-77.07595818892587,8.770905810181889,0.7260723288202247
2024-12-01 08:02:00,38.89545410647678,-76.99110218040784,9.440420938253979,-2.2298747567402124
2024-12-01 08:03:00,38.912755808008406,-77.09884826790037,1.4879596940511564,4.213075122129755
2024-12-01 08:04:00,38.90843143119231,-77.03508283401995,4.626756050653935,0.8319080427709755
2024-12-01 08:05:00,38.9401158010491,-77.02670769302571,9.809873781626852,0.9284018050811014
2024-12-01 08:06:00,38.85454463803415,-77.02076546167815,4.834074359731466,-1.4507533912298998
2024-12-01 08:07:00,38.87809631895922,-76.96090655866203,8.635475225145452,-4.480106480222926
2024-12-01 08:08:00,38.94504114840766,-77.02228837974593,5.887315221313198,-4.682562346270114
2024-12-01 08:09:00,38.939026378389094,-77.0102612754755,3.753299079196019,-0.7666485584680247
2024-12-01 08:10:00,38.895565675278576,-77.05249117382513,2.857835555258702,-4.154346219027621
2024-12-01 08:11:00,38.91201325978015,-77.02534964167413,2.0322309108608727,1.068469555401391
2024-12-01 08:12:00,38.87773811829811,-77.05454607454736,7.617981913776973,3.8097300563965746
2024-12-01 08:13:00,38.868812115972375,-77.0853608152463,3.8654050682302787,3.829148165187222
2024-12-01 08:14:00,38.896369840494,-76.97931028132372,5.112754622007511,1.5904541013223241
2024-12-01 08:15:00,38.88533522280261,-76.966357440289,4.9232548000118195,-2.8876816852706897
2024-12-01 08:16:00,38.90836561118509,-76.97610193079808,5.772790292331313,3.629968313588721
2024-12-01 08:17:00,38.8577734636965,-77.00730119123989,8.655771456245523,3.860934353132082
2024-12-01 08:18:00,38.94743948076662,-77.02404284396415,9.807393435834294,-3.033464150470413
2024-12-01 08:19:00,38.94862107444796,-76.92733327008564,4.075842085738169,2.3742608577067728
2024-12-01 08:20:00,38.919816171401976,-76.99618364297275,8.27518922106303,-2.1348045107287703
2024-12-01 08:21:00,38.903609636634414,-77.00416362447406,7.645277946547177,3.026403123529297
2024-12-01 08:22:00,38.880952761628635,-77.0948715868387,5.735289514555733,4.972378999036026
2024-12-01 08:23:00,38.931379501970696,-77.03175043447477,9.56047143611933,-4.699739946706072
2024-12-01 08:24:00,38.91847311725539,-77.02396087624282,2.004745155284028,3.9736586579093185
2024-12-01 08:25:00,38.86626169393449,-77.02023544382062,1.0926421030962141,1.2263053359865808
2024-12-01 08:26:00,38.94109271844939,-76.98396552615453,8.539619669554222,4.7338261916482125
2024-12-01 08:27:00,38.932253724292316,-76.99327949065463,4.391498166337483,-0.3499048247357237
2024-12-01 08:28:00,38.9449799913292,-76.97841898144131,8.469688542070605,3.473879305713737
2024-12-01 08:29:00,38.92257195083884,-76.94702334769158,8.930902051954149,-4.376059314017228
2024-12-01 08:30:00,38.911341519593584,-76.93740285225678,0.6245759361907144,-1.647209499217043
2024-12-01 08:31:00,38.891824303629065,-76.95637538475471,8.834647629860607,-4.3298346224879
2024-12-01 08:32:00,38.943272848335404,-76.90889526080902,4.483190553694222,4.7534313347907045
2024-12-01 08:33:00,38.93660638895005,-77.09635348346472,5.104324890042323,3.169739072718368
2024-12-01 08:34:00,38.85452186701062,-77.06084440286328,6.265925110932102,3.525474212459706
2024-12-01 08:35:00,38.852636697449725,-77.09848742500436,9.263826067300867,4.3796523143389425
2024-12-01 08:36:00,38.88764633668781,-76.97050505716908,0.1911609442976403,-4.148965138802146
2024-12-01 08:37:00,38.931055333078184,-76.92039389021001,4.768434683178171,-1.1440240748666666
2024-12-01 08:38:00,38.9487276129315,-77.05130354068474,6.877220424305607,-4.289651109559979
2024-12-01 08:39:00,38.865041689110356,-76.91459309104074,7.227069576982284,-2.892068984499714
2024-12-01 08:40:00,38.90941307153521,-77.08794652194209,6.92532431537108,-2.706342229623276
2024-12-01 08:41:00,38.888089085663104,-76.9131127946389,1.3443512940812186,-0.30892788952421313
2024-12-01 08:42:00,38.94699143978146,-77.02967546255208,2.9939558837168123,-2.314378325463574
2024-12-01 08:43:00,38.93421189231357,-77.07971583431015,3.587155254170135,-3.990218931822389
2024-12-01 08:44:00,38.933832870471115,-77.00282564816274,8.04437207679505,-3.325089109058923
2024-12-01 08:45:00,38.8968693159795,-77.0486446864559,2.7875987241455302,-3.527244364479091
2024-12-01 08:46:00,38.89148195023377,-77.04302541960762,2.1070496386720317,4.730767979122984
2024-12-01 08:47:00,38.87734070719307,-77.03854200701474,9.574480190380962,2.5929250691847363
2024-12-01 08:48:00,38.8556375496651,-76.93939482043348,0.088632851134689,4.67761465269562
2024-12-01 08:49:00,38.93647223762551,-76.99216774466495,9.978208556819782,-0.6025951349209144
2024-12-01 08:50:00,38.93129010091301,-77.0377384601688,6.768212988573956,-2.216315183373434
2024-12-01 08:51:00,38.94997176732861,-76.97793324333782,8.28469299449117,2.9829319720918672
2024-12-01 08:52:00,38.94966368370739,-76.95676986515537,2.9461939634619316,-1.7374608195885322
2024-12-01 08:53:00,38.905543170560264,-77.04547519985329,0.14315277667059978,-2.0061662629465173
2024-12-01 08:54:00,38.92689874151805,-77.01729017969492,7.3786951856153005,-2.674940077921688
2024-12-01 08:55:00,38.94447657298824,-77.07562278133261,8.341445970006758,-3.7032102177576465
2024-12-01 08:56:00,38.934964739067745,-77.06377013009306,7.404761319535192,-2.4353693898323403
2024-12-01 08:57:00,38.874734810174324,-76.963776429207,1.428502873008386,-1.446802515261123
2024-12-01 08:58:00,38.895054413531014,-77.06371233046087,7.53427922256969,1.7399420814573041
2024-12-01 08:59:00,38.86291594151515,-76.9949673232666,7.689227821076409,-4.374351577805484
2024-12-01 09:00:00,38.94540510272588,-76.95819074765552,6.585405156700549,-2.8949306033465705
2024-12-01 09:01:00,38.91061746344509,-77.07862461538105,7.661159327955862,3.090236402916764
2024-12-01 09:02:00,38.872864280550345,-76.98653755607423,8.459214396777321,-3.5307807641622926
2024-12-01 09:03:00,38.91717006844059,-77.04868744325972,6.136041142374584,-1.5735485347747846
2024-12-01 09:04:00,38.91181282404579,-76.9074146249525,0.8860471396967906,3.6465892185814006
2024-12-01 09:05:00,38.885816271803286,-77.00329087065602,4.876278096672109,-3.4507468885655737
2024-12-01 09:06:00,38.86135575921996,-76.93880149004497,0.7764933467160506,-4.172631643818101
2024-12-01 09:07:00,38.91715731955928,-76.98995469156876,4.075430310324308,-0.1546200491998917
2024-12-01 09:08:00,38.902030770090384,-77.09131749342903,4.071064891256277,-1.975804887214636
2024-12-01 09:09:00,38.927231839173565,-76.9733697248812,0.6600984414024158,0.6340836448385412
2024-12-01 09:10:00,38.902016350111204,-76.90971933155868,3.488205339694793,3.038048904834751
2024-12-01 09:11:00,38.93521815003186,-76.97967763597073,1.1099809879131484,-3.6285151184725684
2024-12-01 09:12:00,38.90519068387745,-76.93616222811464,8.082352100092221,0.8069908455428498
2024-12-01 09:13:00,38.90609379715354,-76.92315870733032,9.476880259644707,0.05508760389863898
2024-12-01 09:14:00,38.93766536026584,-77.0543840456102,0.7231647525793861,-3.5592121398680043
2024-12-01 09:15:00,38.89034828662124,-77.05759103201835,9.551152072917015,1.2399848552898245
2024-12-01 09:16:00,38.863401522845066,-76.9778038022298,5.225765993367451,-2.2635958213922835
2024-12-01 09:17:00,38.85287826763133,-77.01779430603865,2.9956567795387388,-0.12165681455987531
2024-12-01 09:18:00,38.92551372556736,-76.93202773942666,0.7686207527616351,-4.177276757229381
2024-12-01 09:19:00,38.91203095513535,-76.9199953753204,5.006242680704178,-0.40415942786376924
2024-12-01 09:20:00,38.920407976809926,-77.02931572413945,7.945155444907487,-1.9353653195717966
2024-12-01 09:21:00,38.87129641615089,-77.0526258882051,7.070864772666981,3.223812111853544
2024-12-01 09:22:00,38.86363714755868,-76.94389489695124,0.5022601146397376,-4.430212730026318
2024-12-01 09:23:00,38.85145446656679,-77.04503879289037,0.7290183536790351,-0.8139272508167004
2024-12-01 09:24:00,38.885058755880664,-76.93547713629727,4.028732826326371,-0.41568575868561997
2024-12-01 09:25:00,38.90899176868547,-77.01525234927024,2.9529049404794327,2.250060762991187
2024-12-01 09:26:00,38.889224404509974,-76.9664900201417,2.3238432305604784,0.74287575090211
2024-12-01 09:27:00,38.89374749220237,-77.08089293723306,2.810044989087136,1.6721233719418107
2024-12-01 09:28:00,38.940415869449374,-76.97522813506468,8.034827432968846,2.7704928565175617
2024-12-01 09:29:00,38.88482554670233,-77.00964646425255,9.29228053631854,3.6220297365818883
2024-12-01 09:30:00,38.90139894891598,-76.9826783073649,4.051026945275664,-1.8612450327752947
2024-12-01 09:31:00,38.92836530127412,-77.06639715845103,9.061110021324971,0.38022705363902976
2024-12-01 09:32:00,38.88965427823213,-76.95262525101117,3.21495701247882,3.401080784391999
2024-12-01 09:33:00,38.91220867002279,-76.92744058449136,4.764369863437916,4.894511309650564
2024-12-01 09:34:00,38.936236370874674,-77.05665203998184,2.260289978159997,3.8951931104376314
2024-12-01 09:35:00,38.944952062365765,-77.08085708889597,6.404760421758439,-1.2853273737562319
2024-12-01 09:36:00,38.86470734809291,-77.09527228279073,9.78981115174809,-3.0483348278134956
2024-12-01 09:37:00,38.94265876251615,-76.97160569991135,6.034930960433787,-0.10607462593411299
2024-12-01 09:38:00,38.899211629307956,-76.97858119278224,3.5781408411354887,2.4164145183604226
2024-12-01 09:39:00,38.875824438829895,-76.99066051745719,6.478174459905284,-0.07430929246702433
2024-12-01 09:40:00,38.89591357562383,-77.0536105807768,1.2292067846538757,-0.16819136686331504
2024-12-01 09:41:00,38.94800325752855,-77.02181880081889,8.886590802653986,3.382304210818006
2024-12-01 09:42:00,38.89926180939929,-76.98110473296276,5.030839507798364,-1.3859622093281363
2024-12-01 09:43:00,38.88287516102875,-77.00064662822817,4.49349742039642,3.597946748116456
2024-12-01 09:44:00,38.91334008543168,-76.90244289595702,5.858647884535192,-0.931951990482764
2024-12-01 09:45:00,38.87401456187782,-77.07271204948864,6.2478386278940246,-1.717668943216606
2024-12-01 09:46:00,38.85758633281087,-76.96097108919048,0.7177580622651303,-0.4601008880030104
2024-12-01 09:47:00,38.86288797219107,-77.01913624637913,6.826172212234024,2.6244695867486847
2024-12-01 09:48:00,38.86280458389578,-77.01436007701487,2.419316803155296,-3.739979721360057
2024-12-01 09:49:00,38.86519026935123,-76.95648044686837,7.139526325065898,-3.0358078412798264
2024-12-01 09:50:00,38.86388271726494,-76.96151276973512,8.225347943841967,4.514448256630919
2024-12-01 09:51:00,38.914087474480326,-76.90174880125957,8.039585075525203,-3.2450837261864263
2024-12-01 09:52:00,38.868188008439915,-77.07432114210917,5.525009674078891,0.6772731793105455
2024-12-01 09:53:00,38.88456672833239,-77.07917807012316,5.201698923107512,0.7931446666193782
2024-12-01 09:54:00,38.9396788409906,-76.95513223657426,1.4287596133941172,-0.10375537949755209
2024-12-01 09:55:00,38.89739616402629,-76.98432261659872,7.753461504031356,1.4474524857681859
2024-12-01 09:56:00,38.9167557738521,-77.04516786668803,2.7140938044671437,-2.7017327420238155
2024-12-01 09:57:00,38.867231987120164,-77.0841161262022,4.966954228179466,0.5266226777674818
2024-12-01 09:58:00,38.86922890188087,-77.08286835008072,2.842740929275167,-1.2782674475310287
2024-12-01 09:59:00,38.85408686162665,-76.92116182506719,1.3382836299969314,1.61667259629189
2024-12-01 10:00:00,38.86689350630722,-77.06162653505625,6.2955769689173655,-3.5877645662685054
2024-12-01 10:01:00,38.8778590339032,-77.0353256875769,0.5433203482290383,0.7087741683947621
2024-12-01 10:02:00,38.867701048427676,-77.0546687195546,7.486452341262,-3.147296446166763
2024-12-01 10:03:00,38.858870253375706,-77.02900073883362,3.1758679526111666,-2.213569368849636
2024-12-01 10:04:00,38.862063587110065,-77.08611523145078,0.0013469300448532007,-2.8129019967641677
2024-12-01 10:05:00,38.896077876803275,-76.99618804181834,5.111291392372298,-3.1716222013118287
2024-12-01 10:06:00,38.87063337184058,-77.08647748728156,0.46851908527603126,3.25710951560667
2024-12-01 10:07:00,38.88642698610481,-76.93992869843554,2.761695578208995,-2.142924323391097
2024-12-01 10:08:00,38.90034172708549,-77.0532575836179,7.069764874557162,4.271237818644494
2024-12-01 10:09:00,38.91903948286294,-76.9919976170791,0.6268962162186587,4.699265253451909
2024-12-01 10:10:00,38.85393121398411,-76.92398418248771,8.393384923560024,0.7126046993709734
2024-12-01 10:11:00,38.929941039890906,-76.96982452619056,0.03819922658583108,-3.569988773342736
2024-12-01 10:12:00,38.91279003894909,-76.99340844268973,2.4682386920190225,-1.2545175662041874
2024-12-01 10:13:00,38.85817590319489,-77.03513324937693,7.409040561520714,2.9773226334821405
2024-12-01 10:14:00,38.93735786241068,-77.03339961738835,3.162701497293068,-1.3260927130292952
2024-12-01 10:15:00,38.94208724005318,-76.96610260896037,1.0189238806601353,-4.129827816972113
2024-12-01 10:16:00,38.85610779598549,-76.90117212775577,3.6023391880042785,0.5678491092818794
2024-12-01 10:17:00,38.87768776481472,-76.96763216203013,2.7039328638452553,3.4512085149603475
2024-12-01 10:18:00,38.93062012797931,-76.988443316526,8.427119021605549,2.9592638714350237
2024-12-01 10:19:00,38.924825969038366,-76.95386989795216,3.1334791758514315,-3.2487685986964676
2024-12-01 10:20:00,38.86845210193564,-77.00695887754325,7.889324717760072,1.7276461441246669
2024-12-01 10:21:00,38.870934932333675,-77.08797153147984,8.918721448107348,-2.794957365643529
2024-12-01 10:22:00,38.88704721027914,-76.98754063682442,4.338174195765295,-2.8179246544782774
2024-12-01 10:23:00,38.8984522985191,-76.90847494309892,9.09943143854392,3.740717733051852
2024-12-01 10:24:00,38.91182547715303,-77.06493941152847,3.7731805396319285,-2.5033104725976987
2024-12-01 10:25:00,38.88689136395698,-76.96199902183587,9.640784164901081,-2.367526534819888
2024-12-01 10:26:00,38.89625347161331,-77.05981326226818,0.8928952452557293,-4.9934660923870045
2024-12-01 10:27:00,38.92474709381338,-76.99283446310538,6.870192665032428,3.706690341255177
2024-12-01 10:28:00,38.85366832028906,-77.08066471007065,4.938140404569287,2.9259481320913476
2024-12-01 10:29:00,38.8752436944344,-77.00992581274836,3.8764880545564706,1.2732893509067802
2024-12-01 10:30:00,38.92133495858846,-76.94876733422096,6.327118787486009,2.5026576393884223
2024-12-01 10:31:00,38.93952068376872,-77.03048569515221,7.038570916343312,-3.479514325755082
2024-12-01 10:32:00,38.90116774421157,-76.96701765510255,0.04363269650309087,-0.4167640541242452
2024-12-01 10:33:00,38.90321134852653,-76.94091000784206,1.6695308874719872,-1.487806126512191
2024-12-01 10:34:00,38.86071720113398,-76.91456443610411,7.130460506343187,-4.062234737429835
2024-12-01 10:35:00,38.89474123668235,-77.0530715836289,6.663854135782064,-0.13869514785075943
2024-12-01 10:36:00,38.9032617266455,-77.02013681683813,9.660475051286772,4.207396503426354
2024-12-01 10:37:00,38.87424705036347,-77.06951679733392,7.61037790250783,-4.599408809493055
2024-12-01 10:38:00,38.87692432309494,-76.90150329956833,9.50772707731338,-2.0853908650620614
2024-12-01 10:39:00,38.887728416310466,-76.91459980641514,7.02540501534807,-2.9245906379429654
2024-12-01 10:40:00,38.852007119777774,-76.99200857394389,2.9805220863944317,-2.618533463343037
2024-12-01 10:41:00,38.88220791655832,-76.93159334112472,1.0536492225085647,4.084345518793754
2024-12-01 10:42:00,38.87114480069965,-76.99580840454558,7.818238633449356,-0.3193094576570985
2024-12-01 10:43:00,38.88274973521779,-76.97528286239945,6.441492214759159,-0.3370058706018124
2024-12-01 10:44:00,38.861976213181926,-77.0821751135768,0.4818601239329623,2.6057564245528226
2024-12-01 10:45:00,38.93905272807399,-76.94894591590064,3.6005046590097836,-3.455077959950742
2024-12-01 10:46:00,38.909359245355404,-77.07445730327295,9.567998154842861,-0.12734645899949193
2024-12-01 10:47:00,38.917910231914455,-76.9347864739495,5.0040114571020125,-0.7001478587894026
2024-12-01 10:48:00,38.928917123860735,-76.94359438246593,4.327291360197046,0.9691069054665613
2024-12-01 10:49:00,38.899844219892906,-76.9582510604514,4.57699605159294,4.995577032504386
2024-12-01 10:50:00,38.85869202880875,-77.09276792389504,2.0888272400516374,2.694488940820471
2024-12-01 10:51:00,38.90371065418186,-77.03937432881094,3.6870717086479523,-1.021342969825728
2024-12-01 10:52:00,38.90868411180209,-77.04737748601782,3.698132559871766,3.2755305227404694
2024-12-01 10:53:00,38.924543947418435,-77.0279727185057,0.523550201874724,-3.292916366875198
2024-12-01 10:54:00,38.89316595462297,-77.08247145064723,7.675676285179183,-4.695363136910399
2024-12-01 10:55:00,38.86275803027956,-76.91260843539379,4.16504431903879,-2.9555162753572697
2024-12-01 10:56:00,38.87837759057987,-76.98923955185752,8.221798868164234,-1.5958844388574036
2024-12-01 10:57:00,38.886308229639866,-77.0388951378684,8.503480011198954,0.10580757459559909
2024-12-01 10:58:00,38.91459172413316,-77.02060369658514,2.1199405469865806,1.1512914054119978
2024-12-01 10:59:00,38.907077830466896,-77.01055949189903,6.573534821701285,4.106057172144217
2024-12-01 11:00:00,38.88560967258979,-76.97988113332788,4.722818041629817,0.09854009550457654
2024-12-01 11:01:00,38.9486515248793,-76.9968641144607,8.80156737921485,0.012756446257293774
2024-12-01 11:02:00,38.91057748193569,-76.91612160535712,2.157406791764541,-4.497569901770179
2024-12-01 11:03:00,38.8737226791736,-77.00060730341883,6.778132003100442,-4.6508844734377615
2024-12-01 11:04:00,38.86017824726204,-76.90156839703535,6.077521222527226,0.5115996191637207
2024-12-01 11:05:00,38.865285913918434,-76.92971500845098,2.953014775718328,-0.6182138675165554
2024-12-01 11:06:00,38.874595772838454,-77.05829789712853,1.3660090365117261,3.391803949802986
2024-12-01 11:07:00,38.86606813732596,-76.91388095707123,6.516397604772766,-3.393204152881548
2024-12-01 11:08:00,38.86865670240513,-77.0767267204229,7.385974581323307,-4.750283378829504
2024-12-01 11:09:00,38.878509516869386,-76.93651005830176,3.1562734376334998,-0.5096123206987411
2024-12-01 11:10:00,38.86733735952948,-77.02387534130469,6.448326040223138,-2.625214432477425
2024-12-01 11:11:00,38.93967654246264,-76.92440513591099,3.9513090761150327,-4.503856266611626
2024-12-01 11:12:00,38.858023374566166,-76.92638866197852,7.132068832826177,2.2459828684762897
2024-12-01 11:13:00,38.902451138957026,-76.93881491997648,1.992152748940531,-3.884070000427525
2024-12-01 11:14:00,38.89103968269897,-76.9419939127386,8.902150026361744,1.0831950000777173
2024-12-01 11:15:00,38.94823786169086,-77.03906417218039,2.8740959646557975,-2.1895024983311084
2024-12-01 11:16:00,38.86120389021681,-77.08381614338974,3.677859877561529,-3.2650394964497798
2024-12-01 11:17:00,38.889785559904574,-77.01940396424696,0.5809195208034978,-1.2024847708068256
2024-12-01 11:18:00,38.94694704332754,-77.06529509700269,1.115122123212764,3.0144577622295365
2024-12-01 11:19:00,38.9365507125894,-76.9610097822195,5.158619027123281,-1.0790642309542733
2024-12-01 11:20:00,38.93170720709493,-77.03078005469244,2.675926767279715,2.507696492110557
2024-12-01 11:21:00,38.87579028270449,-76.90487795982803,8.354802257421944,-3.7451370320084933
2024-12-01 11:22:00,38.86708875873901,-76.97180558453094,0.14693388654953843,2.7277141966507914
2024-12-01 11:23:00,38.91686432199244,-76.93550388727313,3.7909404867193617,-2.6306667509335133
2024-12-01 11:24:00,38.94293759891276,-77.07349506545162,3.3734554676909267,1.7739312988887281
2024-12-01 11:25:00,38.9056762893014,-76.92759710354548,0.19327630917601035,0.6578155484099639
2024-12-01 11:26:00,38.90716126894699,-76.91544856189732,1.2436839900051022,4.291447172116873
2024-12-01 11:27:00,38.87799790936603,-77.00258761623621,4.136426749186352,-1.12677482024686
2024-12-01 11:28:00,38.9269492933192,-76.9787494124498,4.928645844474467,-4.338348111655596
2024-12-01 11:29:00,38.86870437485575,-76.9470380398194,4.042897472548691,-4.808445144487471
2024-12-01 11:30:00,38.88236792364042,-77.06503227454792,5.309376784120938,3.2685856097275305
2024-12-01 11:31:00,38.89254364386164,-76.99948678470732,5.951316749056815,0.24735637661432186
2024-12-01 11:32:00,38.90076103786845,-77.02026739444554,0.0992382112783563,2.752440518349493
2024-12-01 11:33:00,38.87424097324151,-77.07072520156754,4.640951594535039,-2.6557439998848533
2024-12-01 11:34:00,38.861483682473924,-77.0264931155417,9.634992408875883,-1.549162544867663
2024-12-01 11:35:00,38.911062004244165,-77.08636553812289,5.190322801295487,-4.698961277886811
2024-12-01 11:36:00,38.878863055324025,-77.0948376186101,6.775422674589532,4.614923245741121
2024-12-01 11:37:00,38.908123822142265,-77.07296674216903,3.118638579168832,1.678679067008134
2024-12-01 11:38:00,38.86543627152742,-76.90737697768218,7.739913781527625,4.332050877593062
2024-12-01 11:39:00,38.89811401018548,-76.990094092821,7.729214818761151,-2.3450359257092765
2024-12-01 11:40:00,38.90325894325516,-76.90683556776936,5.212960476541389,1.1146361122566084
2024-12-01 11:41:00,38.855182353682245,-77.01350042433397,9.760138232792135,1.7849996829263777
2024-12-01 11:42:00,38.88366042781939,-77.03763677338294,1.2555021476265338,-1.8245029974241156
2024-12-01 11:43:00,38.863441467693896,-76.99877162743195,0.16947664889580993,3.4810923501563007
2024-12-01 11:44:00,38.85633749704728,-77.01209766227342,7.701582117570959,4.471614629002477
2024-12-01 11:45:00,38.948996023239,-77.07886706314764,8.071555373648826,3.8485511769600436
2024-12-01 11:46:00,38.88223538449748,-76.97183473706195,1.2020722912057624,2.3906697593937256
2024-12-01 11:47:00,38.93098744458547,-77.05679236349808,2.6558283295860607,-2.2253532027504597
2024-12-01 11:48:00,38.87546406547638,-76.97608240902044,0.1755236336662891,-2.1838395789436826
2024-12-01 11:49:00,38.9181502722224,-76.96995978152037,2.933086107805647,4.633603204460378
2024-12-01 11:50:00,38.92602278598897,-77.06959502937427,7.731418739186715,-4.89715504064308
2024-12-01 11:51:00,38.90956387406079,-77.08773007457786,5.179605277125789,2.160499732421445
2024-12-01 11:52:00,38.89715761885502,-76.94384768278631,3.480955931682881,2.062461625552622
2024-12-01 11:53:00,38.89118409141473,-77.00803991524613,3.717392949063303,1.226895409497974
2024-12-01 11:54:00,38.8848868266543,-77.0883672408989,0.013536257154681541,4.9010884608686585
2024-12-01 11:55:00,38.94295291442479,-76.90102673656605,2.9980052756523587,-1.8812056423627475
2024-12-01 11:56:00,38.93306194077878,-77.08844388780072,6.464587416379305,-1.600281362067518
2024-12-01 11:57:00,38.946502691066655,-76.96099295422829,9.741944438163571,-4.210605970534445
2024-12-01 11:58:00,38.86242972234856,-76.90326421494733,8.470608269838994,-0.5720186345626255
2024-12-01 11:59:00,38.923086747520365,-77.05216397915682,0.23594964645529126,-2.389514737651519
2024-12-01 12:00:00,38.94383404568211,-77.07155012626255,8.985606046748394,-1.5661329782235578
2024-12-01 12:01:00,38.86812330661657,-77.0757230121155,7.83198413298626,3.3457179025562773
2024-12-01 12:02:00,38.856649626736676,-77.03934497048648,7.803761235709804,4.354845135274957
2024-12-01 12:03:00,38.924112064929005,-77.07979083779787,4.579957590035715,-3.1426692799481435
2024-12-01 12:04:00,38.907447311317995,-76.96156773166118,3.980052929545028,-1.2749106844653415
2024-12-01 12:05:00,38.93418287767583,-77.08754164037398,3.029157288331926,4.286305621153941
2024-12-01 12:06:00,38.86397723766263,-76.99811557437005,0.6569485895436578,-4.381915393107773
2024-12-01 12:07:00,38.929526731185994,-76.9006606292294,2.282353634936991,-4.076394718886215
2024-12-01 12:08:00,38.87016273200478,-76.9372059460988,2.4660363497802464,-3.3720901079377064
2024-12-01 12:09:00,38.86636559428657,-76.9769561123538,4.840770697102016,0.9521283412687476
2024-12-01 12:10:00,38.8664265797931,-77.03874927584268,7.4744440659669396,-3.4952772899400255
2024-12-01 12:11:00,38.93145747202314,-76.97522083274167,4.7380982839794665,4.680763814507335
2024-12-01 12:12:00,38.91651972206962,-76.99459170721767,0.5784444944716061,-0.5328547274147963
2024-12-01 12:13:00,38.902306542476914,-77.01478332322192,9.57789800988204,0.015179603501663586
2024-12-01 12:14:00,38.88588304841235,-77.07385792465196,9.427243190941123,-2.533413841945935
2024-12-01 12:15:00,38.93772005408131,-76.92267915695192,7.851895431484084,-0.29039747565266527
2024-12-01 12:16:00,38.889244510742266,-77.01004307023574,9.913279015642205,1.619136326370115
2024-12-01 12:17:00,38.93165994394716,-77.06107549763584,5.444823328002629,2.511771369540428
2024-12-01 12:18:00,38.893913490857024,-77.02644812982454,9.627683502532062,2.53868082709913
2024-12-01 12:19:00,38.88769444294249,-77.01717404949422,0.7560504061675077,0.7789111269408835
2024-12-01 12:20:00,38.89626797856696,-76.93449242088663,3.656807482613713,4.043597749938572
2024-12-01 12:21:00,38.880137787416416,-76.95327712388772,2.253812680067658,3.174078473061094
2024-12-01 12:22:00,38.92476093801763,-76.94613902127173,1.9583308413427003,2.5704811469862543
2024-12-01 12:23:00,38.90027203900925,-77.09779374711427,1.4080294889267608,-4.443944783195394
2024-12-01 12:24:00,38.87322126951468,-77.01676920036405,6.224136415659967,-4.931220377803507
2024-12-01 12:25:00,38.93995745732746,-77.00373116967293,7.813218557473051,-2.8755272280452706
2024-12-01 12:26:00,38.888389122137326,-77.09616154463538,5.782983994203606,1.6352359391345228
2024-12-01 12:27:00,38.904355286111404,-77.048037358251,1.4696270958820967,-0.8880251111745423
2024-12-01 12:28:00,38.940647211096454,-76.94794203537558,8.111237699334708,-0.9759374070068825
2024-12-01 12:29:00,38.9124237995914,-77.07257805885419,6.359547071637285,3.8458688822961378
2024-12-01 12:30:00,38.861689804070835,-76.99293797370949,3.881657061269955,3.955628481318387
2024-12-01 12:31:00,38.94398321236135,-77.05695962559655,6.74130295536063,4.091752640535857
2024-12-01 12:32:00,38.91277080530715,-77.09757584507122,2.5990497924283282,-1.861219234849727
2024-12-01 12:33:00,38.88349056146571,-77.05175970848009,3.451922084942105,1.9105581273926173
2024-12-01 12:34:00,38.86392720726634,-76.90482524901799,9.174858431319903,-2.2836681872563034
2024-12-01 12:35:00,38.929402518927034,-76.9396925776234,2.905045056714204,-3.0939016692555024
2024-12-01 12:36:00,38.912007275592856,-76.9080846711358,4.699882681579366,-3.153675426526308
2024-12-01 12:37:00,38.903346109197635,-77.00242919121473,8.901411373960146,-1.5789237913640597
2024-12-01 12:38:00,38.9393892583051,-77.0780527602645,7.077213502675274,-0.700423802201783
2024-12-01 12:39:00,38.92885972112246,-76.99040810220527,0.6220322616470275,3.3094917105506845
2024-12-01 12:40:00,38.865167487973274,-77.00912453308801,1.4730304427897034,-3.801089065272879
2024-12-01 12:41:00,38.88117220677956,-76.93112858345208,0.07841590771916818,2.349258473948942
2024-12-01 12:42:00,38.874848913981445,-77.08038348384315,6.309217902291634,0.3145491418930533
2024-12-01 12:43:00,38.92439462925727,-77.00235177259565,4.4767342541041835,-2.120546573240075
2024-12-01 12:44:00,38.85335324347358,-77.0699902670612,1.3427485090227553,-0.07180415467175383
2024-12-01 12:45:00,38.906988968487134,-77.03506481462199,9.579341210567705,-2.0005793022297738
2024-12-01 12:46:00,38.92624586857407,-76.95252858452244,5.296597239456199,0.96081955238306
2024-12-01 12:47:00,38.93767656367618,-77.00479637412624,2.418932941128892,-0.661560771447558
2024-12-01 12:48:00,38.884208174871596,-77.02482234297085,5.006035711547075,-3.3559447092112125
2024-12-01 12:49:00,38.932125730467206,-77.02110474428599,6.796203327351078,-3.834169254443033
2024-12-01 12:50:00,38.86106317369552,-77.0081106463188,0.7623921797356448,0.4669568207213013
2024-12-01 12:51:00,38.934645229173455,-76.9429966912326,2.74703815047892,4.024130332861034
2024-12-01 12:52:00,38.8627488662332,-76.92158306221195,8.069654908839937,-1.5604231344231447
2024-12-01 12:53:00,38.88972872905604,-76.90893306269922,4.596648704026612,2.3300010722262323
2024-12-01 12:54:00,38.92972953657796,-76.94261932274894,5.465771420322949,1.5866135493976694
2024-12-01 12:55:00,38.86499174273488,-77.0369186208504,4.328160022094693,4.31554914309481
2024-12-01 12:56:00,38.87292513952327,-76.96237305878269,0.4389994264300512,3.209810172991409
2024-12-01 12:57:00,38.92222525683931,-77.01247937518892,1.6574977982015593,0.6660525890546296
2024-12-01 12:58:00,38.92200365365461,-77.04906587559078,4.455416387418909,1.5703049823410726
2024-12-01 12:59:00,38.91411476328853,-76.93182568411481,2.0918546540792784,3.9838646658403487
2024-12-01 13:00:00,38.919394844446714,-77.09231473020753,0.49979028659678737,-1.004812154130652
2024-12-01 13:01:00,38.904272444334765,-76.91964760157292,8.436496640518238,-1.7320529414222263
2024-12-01 13:02:00,38.8751799058907,-77.00770450707505,9.811925291641158,-4.891889163648036
2024-12-01 13:03:00,38.88456959935039,-76.97255970463834,7.931428739967394,3.2655107419146425
2024-12-01 13:04:00,38.86815977168015,-76.96812921555885,8.53784921704667,3.0098070040336484
2024-12-01 13:05:00,38.94084505613336,-76.92097645185869,2.419771303170454,-3.9554548189984864
2024-12-01 13:06:00,38.90833917947661,-76.97266606356656,9.606269755131997,0.768573811327002
2024-12-01 13:07:00,38.890085141676366,-76.97721328304799,1.9692570445342839,-0.3601830183311261
2024-12-01 13:08:00,38.896200580364415,-77.08666959188785,9.514298103618323,-3.8129090449088854
2024-12-01 13:09:00,38.94472833396119,-76.99631839561096,9.94819293965951,4.805682270607235
2024-12-01 13:10:00,38.86533514031161,-77.06996619983659,7.117228057460487,-2.8530411253664454
2024-12-01 13:11:00,38.90862298320168,-76.9525132462557,9.81143731791822,-4.3276581990943885
2024-12-01 13:12:00,38.90058886788845,-76.99755561583747,5.695397795671036,0.9484737950190958
2024-12-01 13:13:00,38.911145423543466,-76.96395444415833,2.595417831760903,2.3886667713303265
2024-12-01 13:14:00,38.85181101838209,-77.09166541987952,4.369958856656209,-4.67556553952813
2024-12-01 13:15:00,38.937212390894416,-77.08304159679084,5.93560935378786,1.5871763872702216
2024-12-01 13:16:00,38.943211828248366,-76.95673532238746,0.7308156202701499,0.3229187595145442
2024-12-01 13:17:00,38.906513318358925,-77.08558313280027,6.223432646172461,-3.967349911249516
2024-12-01 13:18:00,38.919665082387695,-77.08574865444695,9.811778367622946,-3.274761230536379
2024-12-01 13:19:00,38.94224993811773,-77.09757830495302,1.9010764978372763,0.6797429731608053
2024-12-01 13:20:00,38.92072386343134,-76.90869972034011,7.925951162883833,-2.0364238648671162
2024-12-01 13:21:00,38.86525390429143,-76.9524983281082,9.078987937796194,4.3831572865131605
2024-12-01 13:22:00,38.907628836016684,-77.02934971829958,9.437015928202207,3.187402294840508
2024-12-01 13:23:00,38.91067150463829,-77.04069288374247,9.601356044054473,4.835672065136631
2024-12-01 13:24:00,38.89241306713024,-77.03005935405083,5.214596387214719,-2.4032916104958604
2024-12-01 13:25:00,38.92364442356247,-76.94506929376377,9.773079079915037,4.69723632797977
2024-12-01 13:26:00,38.943436701476905,-76.96772587778592,7.573102071344389,-0.6876613020844218
2024-12-01 13:27:00,38.94255685129068,-77.06296088642651,1.616714362369619,-1.5248120468624538
2024-12-01 13:28:00,38.89508393714041,-77.06517813293318,4.7690010646797,-4.496504730306468
2024-12-01 13:29:00,38.861323804584075,-77.08032087005732,7.18331175372004,-4.472347421403974
2024-12-01 13:30:00,38.948484119896236,-76.96793945605974,2.473403158190833,1.9201125594665474
2024-12-01 13:31:00,38.933889808644594,-76.94712546755565,6.406151835488874,-0.42071005565972097
2024-12-01 13:32:00,38.86246626812033,-77.046990714335,6.666004790466192,-2.734783739638943
2024-12-01 13:33:00,38.94208418826174,-77.09581100779381,1.6269974380856589,1.1397030632523268
2024-12-01 13:34:00,38.936989636206214,-77.08356566650471,5.650853124527563,-2.471418817498888
2024-12-01 13:35:00,38.90188380571261,-76.906427993031,7.716269109786077,0.7763175434442262
2024-12-01 13:36:00,38.90912754357449,-77.04091104450451,4.988956645359419,-1.4079125301730966
2024-12-01 13:37:00,38.88990027038702,-76.94615537043238,0.12103116776107425,3.23552226611819
2024-12-01 13:38:00,38.8554761638822,-76.97506728622915,0.09038469079292177,3.206961607667793
2024-12-01 13:39:00,38.88351972416459,-77.02361207206943,3.570293439700122,-0.22649601877598702
2024-12-01 13:40:00,38.930285344859804,-77.05886254756089,9.26194068431782,-1.491808906649844
2024-12-01 13:41:00,38.85046320230046,-77.07572271636812,2.286767796036088,-1.3744020344090546
2024-12-01 13:42:00,38.88334991716911,-76.97699740639223,6.343636888716872,3.0571452566821797
2024-12-01 13:43:00,38.889816869359095,-76.94507324387244,2.2207587069332058,-1.7182051720238798
2024-12-01 13:44:00,38.90373956029379,-76.97121914929177,3.216699896595486,-2.90940626293154
2024-12-01 13:45:00,38.94198556164128,-76.99393957335018,8.48042089601484,-4.153116581246932
2024-12-01 13:46:00,38.884634599436595,-77.09160975531367,7.288614422699469,-0.3330687911559158
2024-12-01 13:47:00,38.88469532018962,-76.90630224448113,0.9539927731321063,-0.17867901080158077
2024-12-01 13:48:00,38.92375012481098,-76.9402571616691,4.287020209864336,3.409087104029071
2024-12-01 13:49:00,38.89522179408898,-77.04143559265981,0.2916976364526447,-2.7876130355393602
2024-12-01 13:50:00,38.872460482294,-76.90400593412824,4.80890146603009,-1.1900872633160011
2024-12-01 13:51:00,38.895243951613274,-76.97962368207274,6.62434011701068,3.084057388936909
2024-12-01 13:52:00,38.86408570203798,-76.98351546835855,1.1850262359815156,3.2362361074897343
2024-12-01 13:53:00,38.86763869865062,-76.9503853641141,2.8888493890916567,-1.153889240212318
2024-12-01 13:54:00,38.89983677727395,-76.93764604238197,3.9783662550215695,-0.4087597671331906
2024-12-01 13:55:00,38.89189254495046,-76.9687042785337,9.195310246560497,-1.9671410915071705
2024-12-01 13:56:00,38.94148459010681,-77.07438085072675,9.93255015422964,4.325548784193121
2024-12-01 13:57:00,38.886239389911665,-77.0323464988011,0.44911298995615856,-3.8135623425841967
2024-12-01 13:58:00,38.90805883502781,-76.9143832719348,7.61007923495392,4.3374942300147
2024-12-01 13:59:00,38.91322642879196,-77.05507687763122,3.717240664023432,1.8386645183534327
2024-12-01 14:00:00,38.851309445658835,-77.02556659523249,3.9245818622948003,0.31572152686731236
2024-12-01 14:01:00,38.916353737201675,-77.01358462341116,7.542649733470227,-4.673409392155041
2024-12-01 14:02:00,38.867803596686976,-77.01211900206111,9.184264321454087,-0.24403808177991682
2024-12-01 14:03:00,38.94610703174695,-76.9774120835011,9.509285945025484,-0.9225189499726767
2024-12-01 14:04:00,38.864866272775316,-76.91138483245106,5.771225860383208,-3.3878118802487744
2024-12-01 14:05:00,38.891462412372704,-77.05186145763349,3.571211593005028,1.5640960350065694
2024-12-01 14:06:00,38.858534966807866,-77.0756997247398,7.875490858587792,4.711509073682858
2024-12-01 14:07:00,38.9496874251846,-77.06050590202801,2.5100138326230024,0.6218881106452514
2024-12-01 14:08:00,38.90021950103313,-76.92261501995814,5.640740288335177,2.1475327644394584
2024-12-01 14:09:00,38.90953850173201,-76.97083783746896,3.5857846152487314,-4.315495474339832
2024-12-01 14:10:00,38.856707647738844,-77.04281864215217,6.566310737078761,-0.8233300418300527
2024-12-01 14:11:00,38.92499604703992,-76.93681061220629,2.403989128935069,-3.8364151483550413
2024-12-01 14:12:00,38.87099055930956,-76.92772600072732,1.9159294573482577,1.127958355365104
2024-12-01 14:13:00,38.93980542894408,-76.93069713226195,9.182390866754371,4.384821582141546
2024-12-01 14:14:00,38.8705139640482,-76.9162146932721,1.018036829495369,1.6177773247163856
2024-12-01 14:15:00,38.86906877206637,-77.04955179596533,5.059579077349317,-4.231969516855784
2024-12-01 14:16:00,38.85365496678481,-76.94899161425074,2.208527829630089,-1.4533379501491717
2024-12-01 14:17:00,38.897206694511,-77.00789210054518,0.3892996332566745,0.5066337944085149
2024-12-01 14:18:00,38.906484113326265,-76.931600289422,0.3601881829142639,-0.9679224386674781
2024-12-01 14:19:00,38.856570863942835,-76.95430186456768,1.7522177210582734,3.3364401047517234
2024-12-01 14:20:00,38.9275527616695,-76.94471051070006,8.667703545060002,3.1467100470998925
2024-12-01 14:21:00,38.895328883474804,-76.96876763246378,2.8247874397702666,1.1183102010322141
2024-12-01 14:22:00,38.90243902693276,-77.06451424610606,9.504591705752958,-1.2654205486729477
2024-12-01 14:23:00,38.89407627469382,-76.99099461622062,5.816222929891936,-2.4466362623675586
2024-12-01 14:24:00,38.890076306087536,-76.9030660520951,4.366141897687661,-3.941256817868707
2024-12-01 14:25:00,38.90596403313082,-76.91252238670059,5.800888346694546,-1.4510231651344596
2024-12-01 14:26:00,38.86552402459307,-77.09136525284059,5.166983852262677,-0.8682748279228045
2024-12-01 14:27:00,38.86819281304953,-77.0670370368541,7.587762537573251,1.7582292510407358
2024-12-01 14:28:00,38.936178562101354,-77.07365424530909,2.8249606597285224,1.5815982429757351
2024-12-01 14:29:00,38.944611546213366,-76.95480401800295,3.530503916003024,-4.29891860358743
2024-12-01 14:30:00,38.88733093162798,-76.93644293402862,8.940943025332507,-1.047406845688422
2024-12-01 14:31:00,38.87707446731436,-77.05729772673786,9.464565131504054,-3.182211327826381
2024-12-01 14:32:00,38.914399954323905,-76.99882946140963,8.925582274864745,-3.431872946831943
2024-12-01 14:33:00,38.89087341710981,-76.93185939439776,4.194479939573136,3.2730214973724596
2024-12-01 14:34:00,38.852538635566034,-76.95343969104675,7.803655030068817,-4.580847832837424
2024-12-01 14:35:00,38.86561525973662,-76.99155255890163,4.763357333010988,-0.8081712409787869
2024-12-01 14:36:00,38.92159722288474,-76.98193046190825,4.975398521461022,-3.3179634423348183
2024-12-01 14:37:00,38.91589239419102,-76.99832789061675,2.0468010905728393,3.7933021567847405
2024-12-01 14:38:00,38.85270959925035,-77.04049030973623,5.911303032585165,0.5704051327503512
2024-12-01 14:39:00,38.8721972161933,-76.98699560142819,1.8613589775334793,-2.6861936362315197
2024-12-01 14:40:00,38.873107479658806,-76.96222293958998,3.3156469906719375,0.02427287166376413
2024-12-01 14:41:00,38.91718927435988,-76.92533541682785,8.550302016199351,2.3148635970311577
2024-12-01 14:42:00,38.851971053775436,-76.97274172920415,2.0707580921085524,4.581180089194337
2024-12-01 14:43:00,38.860410858198456,-76.94777569259138,0.7115828517343281,-2.7955399575458104
2024-12-01 14:44:00,38.92999160853732,-77.06798567300908,0.690075926128163,3.861817721293452
2024-12-01 14:45:00,38.867854466205436,-77.00768850511604,9.407845205031078,4.343041141674902
2024-12-01 14:46:00,38.91527461078519,-77.09813367603458,5.069204379618347,4.164205445320663
2024-12-01 14:47:00,38.87381827810467,-77.05066422709567,4.094120718170183,1.3541435686190981
2024-12-01 14:48:00,38.85994413927594,-76.9547076569774,8.108785810079183,1.2982065443470772
2024-12-01 14:49:00,38.87431721909995,-76.90163800973014,8.35825927910516,-0.9678936681617722
2024-12-01 14:50:00,38.92222669318557,-77.08016438008255,3.321910331156046,2.5239788230378792
2024-12-01 14:51:00,38.935569646810634,-77.01970113682773,6.936180574737953,0.31294018350931907
2024-12-01 14:52:00,38.9330219864567,-76.93998580626017,7.711228158518866,1.7743807122829445
2024-12-01 14:53:00,38.88971835296185,-77.05919287307422,6.546506868659545,-0.715420961512045
2024-12-01 14:54:00,38.91680851365707,-76.98898301013955,1.5159507480009937,2.3149646404313904
2024-12-01 14:55:00,38.870498429541584,-76.95338574079406,8.75883083517057,3.2447151760454904
2024-12-01 14:56:00,38.8793147730261,-76.97680290994796,5.390945527360087,-3.535637433971839
2024-12-01 14:57:00,38.939633581852114,-77.06239505307691,2.8247242637000367,3.32929715574228
2024-12-01 14:58:00,38.851300192351076,-77.02892308626285,4.252281854376939,0.4029653179030728
2024-12-01 14:59:00,38.85855085308545,-76.94324164310292,0.3757109039890738,3.4466590909022425
2024-12-01 15:00:00,38.87078862551461,-76.9891546971736,1.2786680122241756,-0.6869829365898541
2024-12-01 15:01:00,38.85265322038738,-77.09895407729141,7.655467505158608,-1.20959514616965
2024-12-01 15:02:00,38.86814354350898,-76.94780184799438,0.00011634755366141114,4.150607325172224
2024-12-01 15:03:00,38.908304156096975,-77.09293772901195,4.165658284822921,-2.4883073245159872
2024-12-01 15:04:00,38.89214245505925,-76.95085324345375,5.225101810855884,3.442123252861432
2024-12-01 15:05:00,38.9392671711077,-77.05950388796695,0.546344200009723,-0.1597942749059591
2024-12-01 15:06:00,38.931744356173844,-76.90838530397613,9.730781629723328,0.1409544255125974
2024-12-01 15:07:00,38.88418173516979,-77.02641184973959,2.261253312496719,-1.9153171851051596
2024-12-01 15:08:00,38.875942343343134,-77.03461367673238,3.0419871963628085,0.7304220061901567
2024-12-01 15:09:00,38.88796924081673,-77.0702223899335,3.0394251225502735,-1.747888037237887
2024-12-01 15:10:00,38.909029494251484,-77.03887915690196,2.304166621173499,-4.607305857583476
2024-12-01 15:11:00,38.87680636408229,-76.92466984763436,0.01473822086311416,-2.2800139465564397
2024-12-01 15:12:00,38.912414890784916,-76.90073313247456,7.293447940879964,-4.936209565934093
2024-12-01 15:13:00,38.890941165219125,-77.02633809389863,9.668454997992853,4.783547870568567
2024-12-01 15:14:00,38.9052047180852,-77.01027787380909,2.242934832850451,4.657472098197475
2024-12-01 15:15:00,38.89361265291353,-76.95558581235946,6.630471918034225,-1.0484470252769498
2024-12-01 15:16:00,38.87944657595419,-76.92276084390699,7.418963269587151,2.28370854339646
2024-12-01 15:17:00,38.94484533069622,-76.98139113316265,8.484253790905248,-1.5419390158957502
2024-12-01 15:18:00,38.92636057941598,-77.02169486036443,4.226291970136091,1.7109315708597608
2024-12-01 15:19:00,38.86401131757665,-77.01747563183028,3.0293090564042924,3.05430043045979
2024-12-01 15:20:00,38.936846797589794,-76.96087637070065,3.252951340230311,4.467562446922408
2024-12-01 15:21:00,38.89874311982496,-77.09935634727914,7.126213330985128,-0.9978772415032804
2024-12-01 15:22:00,38.93945522268941,-76.97608213250804,8.16779466505636,2.832979829560477
2024-12-01 15:23:00,38.92998552559473,-77.02890139791172,1.8161396775660266,-2.340715493678812
2024-12-01 15:24:00,38.89252135044693,-76.9411605337446,3.7094100815776523,4.903323037936483
2024-12-01 15:25:00,38.85224693083201,-77.08140187203537,9.0194019674915,-4.742304012356488
2024-12-01 15:26:00,38.8768677359385,-76.98235954661033,8.066935196947393,1.0352880650112093
2024-12-01 15:27:00,38.90416342146609,-77.00380542202278,9.848584027624758,1.5950598165132712
2024-12-01 15:28:00,38.91334782198262,-76.97153489481896,7.542482596820808,1.8804555707412884
2024-12-01 15:29:00,38.87578876854332,-77.0870292811034,3.9319520102792227,-3.7961242121091097
2024-12-01 15:30:00,38.863935607407285,-76.98400324251438,5.906378339946378,4.385297834731304
2024-12-01 15:31:00,38.93349302367993,-76.98770308240809,6.610142542473203,-3.1881672094991718
2024-12-01 15:32:00,38.94844021807036,-76.98786798111676,0.7845581631712395,1.2275340323984105
2024-12-01 15:33:00,38.902569018230274,-76.9793024666807,5.444969591038651,-2.7732392087691506
2024-12-01 15:34:00,38.867167928584834,-76.96470641255473,7.093208284726096,-1.9278358297872913
2024-12-01 15:35:00,38.87723073265194,-76.93900220006385,1.6732130400106038,0.4645854172812438
2024-12-01 15:36:00,38.85183906765475,-77.04603585597435,7.806317174255572,-0.8280658143542352
2024-12-01 15:37:00,38.94142988065605,-76.93499011796399,5.8377278051411166,-3.397743990234937
2024-12-01 15:38:00,38.86177510828902,-77.00034886354732,9.522217856975946,-3.290635975791517
2024-12-01 15:39:00,38.907651647551425,-77.08458834417313,0.42422298206891695,-0.8185521183720033
2024-12-01 15:40:00,38.87740552206872,-77.0882898141512,2.6532613755546697,2.572829782755007
2024-12-01 15:41:00,38.905417800251584,-77.03315233626078,6.015538792998241,3.9796464684778847
2024-12-01 15:42:00,38.91514203883519,-76.94302060457771,2.9655991220593068,-4.158723377406171
2024-12-01 15:43:00,38.93297418037072,-76.95846381305182,7.144241640712422,-1.0689609244059897
2024-12-01 15:44:00,38.87064212717606,-76.94227700706553,7.59005282521931,-3.997544362771234
2024-12-01 15:45:00,38.85109958286585,-76.99654618871168,1.0251596406647445,-4.834075193674021
2024-12-01 15:46:00,38.86368856300688,-77.01196020040891,5.138544642067677,1.617186826439566
2024-12-01 15:47:00,38.940001864184815,-77.07050949465874,5.088905555910559,1.0244944196658778
2024-12-01 15:48:00,38.93738900775625,-77.03436144927814,3.6928077021554104,-3.369808861851138
2024-12-01 15:49:00,38.909741310217036,-77.01319612676522,9.32924862569672,-2.6618716690693587
2024-12-01 15:50:00,38.91005168604337,-77.08227991406407,8.275063198732212,-4.762922463554816
2024-12-01 15:51:00,38.91650366745463,-77.05587760945775,6.972093819096368,3.3494720569440375
2024-12-01 15:52:00,38.86753712786235,-76.98035494118726,7.143266357349976,4.746905960485515
2024-12-01 15:53:00,38.9414411945925,-76.95286737715216,4.617161438131191,-3.6454046320530917
2024-12-01 15:54:00,38.89187705248921,-76.90033049772141,9.209945210965758,-2.685247862347019
2024-12-01 15:55:00,38.88831385282495,-76.91337733373129,6.945954272532854,3.6840952394693396
2024-12-01 15:56:00,38.90189177052829,-76.97148696009296,7.289810616558165,4.264637979561849
2024-12-01 15:57:00,38.854696596677506,-77.01575038934118,8.616909037873452,-0.8037261719318964
2024-12-01 15:58:00,38.86662833687561,-76.97276452705836,2.74071589342191,-4.4937752773092585
2024-12-01 15:59:00,38.92380336164264,-76.94286967638396,8.07070903866703,-4.606081663071806
2024-12-01 16:00:00,38.858279866792515,-77.07633276181532,1.9524060295649204,0.7394986606901046
2024-12-01 16:01:00,38.91031521094664,-77.01801902206074,3.453419522448878,-1.0710489110682095
2024-12-01 16:02:00,38.87453491096814,-76.93203954287289,3.356104542698427,-4.713475724223455
2024-12-01 16:03:00,38.8889295614042,-77.0232334096134,9.785254683891406,0.8325239231255672
2024-12-01 16:04:00,38.87886937367707,-76.98562554575456,8.565372237479268,-4.886974634109775
2024-12-01 16:05:00,38.885567271646494,-76.98244612782756,7.011698615902597,2.87371958149273
2024-12-01 16:06:00,38.92190459051843,-77.06310474937327,7.270567616153901,-1.935671772966284
2024-12-01 16:07:00,38.87971217156232,-77.02755291166955,5.6207279440257105,-4.597419969907679
2024-12-01 16:08:00,38.90664046402969,-77.03309774225161,9.47090667108519,0.8835222098315327
2024-12-01 16:09:00,38.897605040219915,-77.09476065829358,4.962587528823615,-1.023155855669453
2024-12-01 16:10:00,38.916367116536264,-77.09516164722173,3.8051770986989455,4.738004133571495
2024-12-01 16:11:00,38.943682973932475,-76.93366059126485,1.63035336931591,0.44198662503702213
2024-12-01 16:12:00,38.92325720972103,-77.04538583800543,7.86205652261058,-2.247608189629917
2024-12-01 16:13:00,38.87149403785908,-76.99638424675224,7.344439320755915,2.0943886463397474
2024-12-01 16:14:00,38.85311831350613,-77.04025488528224,3.8435503852413486,-2.285079974572887
2024-12-01 16:15:00,38.876226404429985,-76.91186415097694,0.2519341395922936,4.0424329140756505
2024-12-01 16:16:00,38.90950779307003,-77.04814064822685,8.389973277180108,-1.2527802949262359
2024-12-01 16:17:00,38.855142581348424,-77.01406863745221,0.11417983454073632,0.49868562776205216
2024-12-01 16:18:00,38.899636624720124,-76.92545394990309,7.0369977962905095,-4.494268961757712
2024-12-01 16:19:00,38.90968428489169,-76.93161328664164,9.70257109726057,-0.7387876204776926
2024-12-01 16:20:00,38.883424389081696,-77.06277971643074,4.376613281482035,3.3236353966099497
2024-12-01 16:21:00,38.927091220374585,-76.93947133804086,2.349734049959528,3.0564880536334194
2024-12-01 16:22:00,38.86065982531338,-77.00836262265243,7.0487101004338175,-2.7568144114647373
2024-12-01 16:23:00,38.85751377817358,-77.00340622558294,8.171281420155852,-2.739209289894373
2024-12-01 16:24:00,38.922818875620365,-77.0733040055168,5.464303160778473,3.1730531221323677
2024-12-01 16:25:00,38.899549131620624,-77.08387969724858,9.670352752561461,4.303984201693256
2024-12-01 16:26:00,38.918840239642776,-76.95441213860525,0.516687216579611,-4.0463907872699645
2024-12-01 16:27:00,38.893482733860374,-77.00070776952894,5.047955983045282,-0.4994136057377476
2024-12-01 16:28:00,38.874640203323914,-77.01262985947696,7.184539473225501,-1.6254572103577103
2024-12-01 16:29:00,38.931910231767425,-76.95409835426952,8.626404711491789,3.706884554574394
2024-12-01 16:30:00,38.9299415878969,-76.94689742020178,1.7925561190779005,-4.164750853199813
2024-12-01 16:31:00,38.91946964708544,-77.06821836646613,8.000034817636815,-2.888740574419626
2024-12-01 16:32:00,38.877214513723,-76.97795497010448,5.527070757185452,2.524683375864943
2024-12-01 16:33:00,38.90902306668691,-77.07292918354446,3.965536819899632,-4.487061510187845
2024-12-01 16:34:00,38.88609738969401,-76.9497249827942,1.3171502857909356,-0.07464619285710761
2024-12-01 16:35:00,38.85915820733266,-76.96860896874658,8.652957589089125,-0.5789296532027999
2024-12-01 16:36:00,38.941731357546225,-76.90867707578332,1.5727320817971535,-1.6559882101125134
2024-12-01 16:37:00,38.8636818630919,-77.08620839672871,3.0978785920909924,-1.0542768468107622
2024-12-01 16:38:00,38.94502373538208,-77.08858905576975,2.9004553196243688,0.2994058693023298
2024-12-01 16:39:00,38.8946005772958,-77.04356258506135,8.714140341908543,-3.3863264161161686
